License Year, Hunting District,Deer Species,Residency,Hunters,Days,Days per Hunter,Total Harvest,Bucks,Does,Fawns,Bow,Rifle,Less than 4 Points, 4 or More Points
2020,100,all_deer,N,0,0,0,140,101,33,6,6,135,32,70
2020,100,all_deer,R,0,0,0,1073,742,331,0,42,1031,312,430
2020,100,all_deer,SUM,0,0,0,1214,843,365,6,48,1166,343,500
2020,100,md,N,0,0,0,15,15,0,0,0,15,6,9
2020,100,md,R,0,0,0,123,112,11,0,0,123,64,48
2020,100,md,SUM,0,0,0,137,127,11,0,0,137,70,56
2020,100,wt,N,0,0,0,126,87,33,6,6,120,26,61
2020,100,wt,R,0,0,0,950,630,320,0,42,908,247,383
2020,100,wt,SUM,0,0,0,1076,717,354,6,48,1029,273,444
2020,101,all_deer,N,0,0,0,46,41,5,0,3,43,15,26
2020,101,all_deer,R,0,0,0,997,758,239,0,33,964,346,412
2020,101,all_deer,SUM,0,0,0,1042,798,244,0,36,1007,360,438
2020,101,md,N,0,0,0,9,9,0,0,0,9,6,3
2020,101,md,R,0,0,0,58,54,3,0,3,54,34,20
2020,101,md,SUM,0,0,0,66,63,3,0,3,63,40,23
2020,101,wt,N,0,0,0,37,32,5,0,3,34,9,23
2020,101,wt,R,0,0,0,939,703,236,0,29,910,312,391
2020,101,wt,SUM,0,0,0,976,735,241,0,32,944,321,415
2020,102,all_deer,N,0,0,0,20,20,0,0,0,20,9,12
2020,102,all_deer,R,0,0,0,809,658,144,7,32,777,254,397
2020,102,all_deer,SUM,0,0,0,829,678,144,7,32,797,263,408
2020,102,md,N,0,0,0,0,0,0,0,0,0,0,0
2020,102,md,R,0,0,0,27,20,7,0,0,27,14,7
2020,102,md,SUM,0,0,0,27,20,7,0,0,27,14,7
2020,102,wt,N,0,0,0,20,20,0,0,0,20,9,12
2020,102,wt,R,0,0,0,782,637,137,7,32,750,241,390
2020,102,wt,SUM,0,0,0,802,658,137,7,32,770,250,402
2020,103,all_deer,N,0,0,0,56,34,22,0,3,53,12,23
2020,103,all_deer,R,0,0,0,982,725,258,0,20,963,284,441
2020,103,all_deer,SUM,0,0,0,1038,759,279,0,23,1015,296,463
2020,103,md,N,0,0,0,16,6,10,0,0,16,3,3
2020,103,md,R,0,0,0,143,137,6,0,3,140,58,80
2020,103,md,SUM,0,0,0,159,143,16,0,3,156,61,83
2020,103,wt,N,0,0,0,40,28,11,0,3,37,9,20
2020,103,wt,R,0,0,0,839,587,252,0,16,823,227,361
2020,103,wt,SUM,0,0,0,879,616,263,0,19,859,235,381
2020,104,all_deer,N,0,0,0,66,49,17,0,6,61,9,40
2020,104,all_deer,R,0,0,0,692,491,197,4,22,671,209,283
2020,104,all_deer,SUM,0,0,0,759,541,214,4,27,731,217,323
2020,104,md,N,0,0,0,6,6,0,0,0,6,0,6
2020,104,md,R,0,0,0,75,71,4,0,0,75,24,48
2020,104,md,SUM,0,0,0,81,77,4,0,0,81,24,53
2020,104,wt,N,0,0,0,60,43,17,0,6,55,9,35
2020,104,wt,R,0,0,0,617,420,194,4,22,596,185,235
2020,104,wt,SUM,0,0,0,678,464,211,4,27,650,194,270
2020,109,all_deer,N,0,0,0,0,0,0,0,0,0,0,0
2020,109,all_deer,R,0,0,0,231,187,44,0,3,228,64,123
2020,109,all_deer,SUM,0,0,0,231,187,44,0,3,228,64,123
2020,109,md,N,0,0,0,0,0,0,0,0,0,0,0
2020,109,md,R,0,0,0,55,55,0,0,0,55,20,35
2020,109,md,SUM,0,0,0,55,55,0,0,0,55,20,35
2020,109,wt,N,0,0,0,0,0,0,0,0,0,0,0
2020,109,wt,R,0,0,0,177,132,44,0,3,173,44,88
2020,109,wt,SUM,0,0,0,177,132,44,0,3,173,44,88
2020,110,all_deer,N,0,0,0,21,20,1,0,0,21,3,18
2020,110,all_deer,R,0,0,0,326,302,24,0,24,302,102,200
2020,110,all_deer,SUM,0,0,0,347,322,25,0,24,323,105,218
2020,110,md,N,0,0,0,6,6,0,0,0,6,0,6
2020,110,md,R,0,0,0,24,20,3,0,7,17,7,14
2020,110,md,SUM,0,0,0,30,26,3,0,7,23,7,19
2020,110,wt,N,0,0,0,16,15,1,0,0,16,3,12
2020,110,wt,R,0,0,0,302,281,20,0,17,285,95,187
2020,110,wt,SUM,0,0,0,317,296,21,0,17,300,98,198
2020,120,all_deer,N,0,0,0,32,32,0,0,0,32,6,26
2020,120,all_deer,R,0,0,0,745,559,186,0,17,728,207,352
2020,120,all_deer,SUM,0,0,0,777,591,186,0,17,760,213,378
2020,120,md,N,0,0,0,3,3,0,0,0,3,0,3
2020,120,md,R,0,0,0,34,34,0,0,0,34,20,14
2020,120,md,SUM,0,0,0,37,37,0,0,0,37,20,17
2020,120,wt,N,0,0,0,29,29,0,0,0,29,6,23
2020,120,wt,R,0,0,0,711,525,186,0,17,694,187,338
2020,120,wt,SUM,0,0,0,740,554,186,0,17,723,192,362
2020,121,all_deer,N,0,0,0,86,78,8,0,8,78,12,66
2020,121,all_deer,R,0,0,0,757,651,106,0,18,740,229,422
2020,121,all_deer,SUM,0,0,0,843,729,115,0,25,818,241,488
2020,121,md,N,0,0,0,18,18,0,0,0,18,0,18
2020,121,md,R,0,0,0,54,54,0,0,0,54,27,27
2020,121,md,SUM,0,0,0,72,72,0,0,0,72,27,45
2020,121,wt,N,0,0,0,68,60,8,0,8,61,12,48
2020,121,wt,R,0,0,0,703,597,106,0,18,686,202,395
2020,121,wt,SUM,0,0,0,771,657,115,0,25,746,214,443
2020,122,all_deer,N,0,0,0,53,44,9,0,3,50,9,35
2020,122,all_deer,R,0,0,0,564,483,80,0,25,539,227,257
2020,122,all_deer,SUM,0,0,0,616,527,89,0,28,588,236,292
2020,122,md,N,0,0,0,6,6,0,0,0,6,0,6
2020,122,md,R,0,0,0,111,109,2,0,3,107,71,37
2020,122,md,SUM,0,0,0,117,114,2,0,3,113,71,43
2020,122,wt,N,0,0,0,47,38,9,0,3,44,9,29
2020,122,wt,R,0,0,0,453,375,78,0,22,431,156,219
2020,122,wt,SUM,0,0,0,500,413,87,0,24,475,164,248
2020,123,all_deer,N,0,0,0,18,18,0,0,0,18,9,9
2020,123,all_deer,R,0,0,0,157,129,28,0,3,153,51,78
2020,123,all_deer,SUM,0,0,0,174,146,28,0,3,171,60,87
2020,123,md,N,0,0,0,3,3,0,0,0,3,0,3
2020,123,md,R,0,0,0,10,10,0,0,0,10,7,3
2020,123,md,SUM,0,0,0,13,13,0,0,0,13,7,6
2020,123,wt,N,0,0,0,15,15,0,0,0,15,9,6
2020,123,wt,R,0,0,0,147,119,28,0,3,143,44,75
2020,123,wt,SUM,0,0,0,161,133,28,0,3,158,53,80
2020,124,all_deer,N,0,0,0,6,6,0,0,0,6,0,6
2020,124,all_deer,R,0,0,0,158,136,19,3,11,147,61,75
2020,124,all_deer,SUM,0,0,0,163,142,19,3,11,153,61,80
2020,124,md,N,0,0,0,0,0,0,0,0,0,0,0
2020,124,md,R,0,0,0,44,44,0,0,0,44,27,17
2020,124,md,SUM,0,0,0,44,44,0,0,0,44,27,17
2020,124,wt,N,0,0,0,6,6,0,0,0,6,0,6
2020,124,wt,R,0,0,0,114,92,19,3,11,103,34,58
2020,124,wt,SUM,0,0,0,119,97,19,3,11,109,34,64
2020,130,all_deer,N,0,0,0,29,29,0,0,0,29,0,29
2020,130,all_deer,R,0,0,0,562,496,65,0,10,552,180,317
2020,130,all_deer,SUM,0,0,0,591,526,65,0,10,581,180,346
2020,130,md,N,0,0,0,3,3,0,0,0,3,0,3
2020,130,md,R,0,0,0,31,27,3,0,0,31,7,20
2020,130,md,SUM,0,0,0,33,30,3,0,0,33,7,23
2020,130,wt,N,0,0,0,26,26,0,0,0,26,0,26
2020,130,wt,R,0,0,0,531,469,62,0,10,521,173,296
2020,130,wt,SUM,0,0,0,557,496,62,0,10,547,173,323
2020,140,all_deer,N,0,0,0,6,6,0,0,0,6,0,6
2020,140,all_deer,R,0,0,0,163,156,7,0,3,159,51,105
2020,140,all_deer,SUM,0,0,0,169,162,7,0,3,165,51,111
2020,140,md,N,0,0,0,0,0,0,0,0,0,0,0
2020,140,md,R,0,0,0,10,10,0,0,0,10,3,7
2020,140,md,SUM,0,0,0,10,10,0,0,0,10,3,7
2020,140,wt,N,0,0,0,6,6,0,0,0,6,0,6
2020,140,wt,R,0,0,0,153,146,7,0,3,149,48,98
2020,140,wt,SUM,0,0,0,158,152,7,0,3,155,48,104
2020,141,all_deer,N,0,0,0,0,0,0,0,0,0,0,0
2020,141,all_deer,R,0,0,0,7,7,0,0,0,7,3,3
2020,141,all_deer,SUM,0,0,0,7,7,0,0,0,7,3,3
2020,141,wt,N,0,0,0,0,0,0,0,0,0,0,0
2020,141,wt,R,0,0,0,7,7,0,0,0,7,3,3
2020,141,wt,SUM,0,0,0,7,7,0,0,0,7,3,3
2020,150,all_deer,N,0,0,0,3,3,0,0,0,3,0,3
2020,150,all_deer,R,0,0,0,14,14,0,0,0,14,0,14
2020,150,all_deer,SUM,0,0,0,17,17,0,0,0,17,0,17
2020,150,md,N,0,0,0,0,0,0,0,0,0,0,0
2020,150,md,R,0,0,0,7,7,0,0,0,7,0,7
2020,150,md,SUM,0,0,0,7,7,0,0,0,7,0,7
2020,150,wt,N,0,0,0,3,3,0,0,0,3,0,3
2020,150,wt,R,0,0,0,7,7,0,0,0,7,0,7
2020,150,wt,SUM,0,0,0,10,10,0,0,0,10,0,10
2020,170,all_deer,N,0,0,0,54,24,30,0,3,51,12,12
2020,170,all_deer,R,0,0,0,1430,779,638,14,173,1258,319,460
2020,170,all_deer,SUM,0,0,0,1484,803,668,14,176,1308,330,472
2020,170,md,N,0,0,0,0,0,0,0,0,0,0,0
2020,170,md,R,0,0,0,14,14,0,0,0,14,10,3
2020,170,md,SUM,0,0,0,14,14,0,0,0,14,10,3
2020,170,wt,N,0,0,0,54,24,30,0,3,51,12,12
2020,170,wt,R,0,0,0,1417,766,638,14,173,1244,309,457
2020,170,wt,SUM,0,0,0,1471,789,668,14,176,1295,320,469
2020,1XX,all_deer,R,0,0,0,89,48,41,0,3,85,28,20
2020,1XX,all_deer,SUM,0,0,0,89,48,41,0,3,85,28,20
2020,1XX,md,R,0,0,0,11,3,7,0,0,11,3,0
2020,1XX,md,SUM,0,0,0,11,3,7,0,0,11,3,0
2020,1XX,wt,R,0,0,0,78,44,34,0,3,75,24,20
2020,1XX,wt,SUM,0,0,0,78,44,34,0,3,75,24,20
2020,200,all_deer,N,0,0,0,31,29,2,0,0,31,6,23
2020,200,all_deer,R,0,0,0,198,150,49,0,4,194,48,102
2020,200,all_deer,SUM,0,0,0,229,179,51,0,4,226,53,125
2020,200,md,N,0,0,0,9,9,0,0,0,9,3,6
2020,200,md,R,0,0,0,31,31,0,0,0,31,20,10
2020,200,md,SUM,0,0,0,39,39,0,0,0,39,23,16
2020,200,wt,N,0,0,0,22,20,2,0,0,22,3,18
2020,200,wt,R,0,0,0,168,119,49,0,4,164,27,92
2020,200,wt,SUM,0,0,0,190,139,51,0,4,186,30,109
2020,201,all_deer,N,0,0,0,23,23,0,0,6,17,12,11
2020,201,all_deer,R,0,0,0,598,500,99,0,24,574,209,291
2020,201,all_deer,SUM,0,0,0,621,522,99,0,30,591,221,302
2020,201,md,N,0,0,0,6,6,0,0,3,3,3,3
2020,201,md,R,0,0,0,54,54,0,0,3,51,34,20
2020,201,md,SUM,0,0,0,60,60,0,0,6,54,37,23
2020,201,wt,N,0,0,0,17,17,0,0,3,14,9,8
2020,201,wt,R,0,0,0,544,445,99,0,21,523,175,270
2020,201,wt,SUM,0,0,0,561,462,99,0,24,537,184,278
2020,202,all_deer,N,0,0,0,56,52,4,0,0,56,12,41
2020,202,all_deer,R,0,0,0,459,418,36,5,3,456,140,279
2020,202,all_deer,SUM,0,0,0,515,471,39,5,3,512,152,319
2020,202,md,N,0,0,0,9,9,0,0,0,9,3,6
2020,202,md,R,0,0,0,95,95,0,0,0,95,35,60
2020,202,md,SUM,0,0,0,104,104,0,0,0,104,38,66
2020,202,wt,N,0,0,0,48,44,4,0,0,48,9,35
2020,202,wt,R,0,0,0,364,323,36,5,3,361,105,218
2020,202,wt,SUM,0,0,0,412,367,39,5,3,408,114,253
2020,203,all_deer,N,0,0,0,20,20,0,0,3,18,6,15
2020,203,all_deer,R,0,0,0,505,454,50,0,16,489,207,248
2020,203,all_deer,SUM,0,0,0,525,475,50,0,18,507,213,262
2020,203,md,N,0,0,0,0,0,0,0,0,0,0,0
2020,203,md,R,0,0,0,134,126,9,0,7,127,68,58
2020,203,md,SUM,0,0,0,134,126,9,0,7,127,68,58
2020,203,wt,N,0,0,0,20,20,0,0,3,18,6,15
2020,203,wt,R,0,0,0,371,329,42,0,9,362,139,190
2020,203,wt,SUM,0,0,0,391,349,42,0,12,379,145,205
2020,204,all_deer,N,0,0,0,24,10,13,0,0,24,8,2
2020,204,all_deer,R,0,0,0,435,270,165,0,84,351,111,159
2020,204,all_deer,SUM,0,0,0,459,280,179,0,84,375,119,162
2020,204,md,N,0,0,0,5,5,0,0,0,5,2,2
2020,204,md,R,0,0,0,66,52,14,0,2,64,36,16
2020,204,md,SUM,0,0,0,70,57,14,0,2,68,39,18
2020,204,wt,N,0,0,0,19,6,13,0,0,19,6,0
2020,204,wt,R,0,0,0,369,218,152,0,82,288,74,144
2020,204,wt,SUM,0,0,0,388,224,165,0,82,307,80,144
2020,210,all_deer,N,0,0,0,21,11,10,0,0,21,6,5
2020,210,all_deer,R,0,0,0,426,198,225,3,28,398,72,126
2020,210,all_deer,SUM,0,0,0,447,208,235,3,28,419,78,131
2020,210,md,N,0,0,0,5,3,2,0,0,5,3,0
2020,210,md,R,0,0,0,65,35,30,0,0,65,5,30
2020,210,md,SUM,0,0,0,70,38,32,0,0,70,7,30
2020,210,wt,N,0,0,0,16,8,8,0,0,16,3,5
2020,210,wt,R,0,0,0,361,163,195,3,28,334,67,96
2020,210,wt,SUM,0,0,0,377,171,203,3,28,350,70,101
2020,211,all_deer,N,0,0,0,0,0,0,0,0,0,0,0
2020,211,all_deer,R,0,0,0,57,53,3,0,10,47,17,36
2020,211,all_deer,SUM,0,0,0,57,53,3,0,10,47,17,36
2020,211,md,N,0,0,0,0,0,0,0,0,0,0,0
2020,211,md,R,0,0,0,24,24,0,0,0,24,10,14
2020,211,md,SUM,0,0,0,24,24,0,0,0,24,10,14
2020,211,wt,N,0,0,0,0,0,0,0,0,0,0,0
2020,211,wt,R,0,0,0,33,30,3,0,10,23,7,23
2020,211,wt,SUM,0,0,0,33,30,3,0,10,23,7,23
2020,212,all_deer,N,0,0,0,10,7,3,0,0,10,0,7
2020,212,all_deer,R,0,0,0,125,80,45,0,14,111,30,47
2020,212,all_deer,SUM,0,0,0,135,88,48,0,14,121,30,54
2020,212,md,N,0,0,0,5,5,0,0,0,5,0,5
2020,212,md,R,0,0,0,50,32,18,0,5,45,23,8
2020,212,md,SUM,0,0,0,55,36,18,0,5,50,23,13
2020,212,wt,N,0,0,0,6,3,3,0,0,6,0,3
2020,212,wt,R,0,0,0,75,49,26,0,9,66,7,39
2020,212,wt,SUM,0,0,0,81,52,29,0,9,72,7,42
2020,213,all_deer,N,0,0,0,30,9,21,0,8,22,5,4
2020,213,all_deer,R,0,0,0,438,183,255,0,39,398,53,130
2020,213,all_deer,SUM,0,0,0,467,191,276,0,47,420,58,134
2020,213,md,N,0,0,0,3,3,0,0,0,3,2,2
2020,213,md,R,0,0,0,138,88,50,0,6,132,37,51
2020,213,md,SUM,0,0,0,141,91,50,0,6,135,39,52
2020,213,wt,N,0,0,0,27,5,21,0,8,19,3,3
2020,213,wt,R,0,0,0,300,95,205,0,34,266,16,79
2020,213,wt,SUM,0,0,0,326,101,226,0,41,285,19,82
2020,214,all_deer,N,0,0,0,6,3,3,0,0,6,0,3
2020,214,all_deer,R,0,0,0,52,48,3,0,2,50,17,31
2020,214,all_deer,SUM,0,0,0,58,51,6,0,2,56,17,34
2020,214,md,N,0,0,0,3,3,0,0,0,3,0,3
2020,214,md,R,0,0,0,20,20,0,0,2,18,9,11
2020,214,md,SUM,0,0,0,23,23,0,0,2,21,9,14
2020,214,wt,N,0,0,0,3,0,3,0,0,3,0,0
2020,214,wt,R,0,0,0,32,29,3,0,0,32,9,20
2020,214,wt,SUM,0,0,0,35,29,6,0,0,35,9,20
2020,215,all_deer,N,0,0,0,20,10,10,0,0,20,5,5
2020,215,all_deer,R,0,0,0,280,159,115,6,3,277,73,85
2020,215,all_deer,SUM,0,0,0,300,168,125,6,3,296,78,90
2020,215,md,N,0,0,0,7,5,3,0,0,7,2,2
2020,215,md,R,0,0,0,93,54,38,0,3,89,30,25
2020,215,md,SUM,0,0,0,100,59,41,0,3,96,32,27
2020,215,wt,N,0,0,0,13,5,8,0,0,13,2,3
2020,215,wt,R,0,0,0,187,104,77,6,0,187,44,61
2020,215,wt,SUM,0,0,0,200,109,84,6,0,200,46,63
2020,216,all_deer,N,0,0,0,24,12,12,0,0,24,9,3
2020,216,all_deer,R,0,0,0,143,113,29,0,8,135,48,63
2020,216,all_deer,SUM,0,0,0,166,125,41,0,8,158,56,66
2020,216,md,N,0,0,0,12,12,0,0,0,12,9,3
2020,216,md,R,0,0,0,61,61,0,0,3,58,34,27
2020,216,md,SUM,0,0,0,73,73,0,0,3,69,43,30
2020,216,wt,N,0,0,0,12,0,12,0,0,12,0,0
2020,216,wt,R,0,0,0,82,52,29,0,5,77,14,35
2020,216,wt,SUM,0,0,0,94,52,41,0,5,89,14,35
2020,217,all_deer,N,0,0,0,9,3,6,0,0,9,3,0
2020,217,all_deer,R,0,0,0,126,51,75,0,0,126,6,46
2020,217,all_deer,SUM,0,0,0,135,54,80,0,0,135,8,46
2020,217,md,N,0,0,0,0,0,0,0,0,0,0,0
2020,217,md,R,0,0,0,13,4,8,0,0,13,0,4
2020,217,md,SUM,0,0,0,13,4,8,0,0,13,0,4
2020,217,wt,N,0,0,0,9,3,6,0,0,9,3,0
2020,217,wt,R,0,0,0,114,47,67,0,0,114,6,42
2020,217,wt,SUM,0,0,0,122,50,72,0,0,122,8,42
2020,240,all_deer,N,0,0,0,57,38,19,0,0,57,16,22
2020,240,all_deer,R,0,0,0,861,645,206,10,126,735,257,388
2020,240,all_deer,SUM,0,0,0,918,683,225,10,126,792,273,410
2020,240,md,N,0,0,0,30,30,0,0,0,30,13,16
2020,240,md,R,0,0,0,90,83,7,0,5,85,56,27
2020,240,md,SUM,0,0,0,120,113,7,0,5,115,70,43
2020,240,wt,N,0,0,0,28,9,19,0,0,28,3,6
2020,240,wt,R,0,0,0,770,561,199,10,121,650,201,361
2020,240,wt,SUM,0,0,0,798,570,218,10,121,677,203,367
2020,250,all_deer,N,0,0,0,3,3,0,0,0,3,0,3
2020,250,all_deer,R,0,0,0,97,93,3,0,0,97,39,55
2020,250,all_deer,SUM,0,0,0,100,96,3,0,0,100,39,57
2020,250,md,N,0,0,0,0,0,0,0,0,0,0,0
2020,250,md,R,0,0,0,14,14,0,0,0,14,2,12
2020,250,md,SUM,0,0,0,14,14,0,0,0,14,2,12
2020,250,wt,N,0,0,0,3,3,0,0,0,3,0,3
2020,250,wt,R,0,0,0,83,80,3,0,0,83,37,42
2020,250,wt,SUM,0,0,0,86,82,3,0,0,86,37,45
2020,260,all_deer,N,0,0,0,37,18,19,0,30,7,0,18
2020,260,all_deer,R,0,0,0,709,214,492,3,560,150,52,161
2020,260,all_deer,SUM,0,0,0,746,231,511,3,590,156,52,179
2020,260,md,N,0,0,0,0,0,0,0,0,0,0,0
2020,260,md,R,0,0,0,16,7,9,0,8,8,3,3
2020,260,md,SUM,0,0,0,16,7,9,0,8,8,3,3
2020,260,wt,N,0,0,0,37,18,19,0,30,7,0,18
2020,260,wt,R,0,0,0,693,207,483,3,552,141,49,158
2020,260,wt,SUM,0,0,0,730,224,502,3,582,148,49,176
2020,261,all_deer,N,0,0,0,9,9,0,0,0,9,3,6
2020,261,all_deer,R,0,0,0,179,123,55,0,30,149,34,90
2020,261,all_deer,SUM,0,0,0,187,132,55,0,30,157,36,96
2020,261,md,N,0,0,0,0,0,0,0,0,0,0,0
2020,261,md,R,0,0,0,18,16,2,0,3,15,3,12
2020,261,md,SUM,0,0,0,18,16,2,0,3,15,3,12
2020,261,wt,N,0,0,0,9,9,0,0,0,9,3,6
2020,261,wt,R,0,0,0,161,107,53,0,27,134,30,77
2020,261,wt,SUM,0,0,0,169,116,53,0,27,143,33,83
2020,262,all_deer,N,0,0,0,5,0,5,0,2,3,0,0
2020,262,all_deer,R,0,0,0,461,243,218,0,111,350,69,175
2020,262,all_deer,SUM,0,0,0,466,243,223,0,113,353,69,175
2020,262,md,N,0,0,0,0,0,0,0,0,0,0,0
2020,262,md,R,0,0,0,78,23,56,0,34,44,3,20
2020,262,md,SUM,0,0,0,78,23,56,0,34,44,3,20
2020,262,wt,N,0,0,0,5,0,5,0,2,3,0,0
2020,262,wt,R,0,0,0,383,221,162,0,77,306,66,155
2020,262,wt,SUM,0,0,0,388,221,168,0,79,309,66,155
2020,270,all_deer,N,0,0,0,34,23,10,0,0,34,13,10
2020,270,all_deer,R,0,0,0,258,165,93,0,46,212,68,97
2020,270,all_deer,SUM,0,0,0,291,188,103,0,46,245,81,107
2020,270,md,N,0,0,0,15,10,5,0,0,15,6,4
2020,270,md,R,0,0,0,72,50,22,0,8,64,6,44
2020,270,md,SUM,0,0,0,86,60,27,0,8,79,12,48
2020,270,wt,N,0,0,0,19,13,5,0,0,19,8,6
2020,270,wt,R,0,0,0,186,115,71,0,39,148,62,54
2020,270,wt,SUM,0,0,0,205,129,77,0,39,166,69,59
2020,280,all_deer,N,0,0,0,2,2,0,0,0,2,2,0
2020,280,all_deer,R,0,0,0,10,3,7,0,0,10,0,3
2020,280,all_deer,SUM,0,0,0,12,5,7,0,0,12,2,3
2020,280,md,N,0,0,0,2,2,0,0,0,2,2,0
2020,280,md,R,0,0,0,3,3,0,0,0,3,0,3
2020,280,md,SUM,0,0,0,5,5,0,0,0,5,2,3
2020,280,wt,N,0,0,0,0,0,0,0,0,0,0,0
2020,280,wt,R,0,0,0,7,0,7,0,0,7,0,0
2020,280,wt,SUM,0,0,0,7,0,7,0,0,7,0,0
2020,281,all_deer,N,0,0,0,21,21,0,0,0,21,4,18
2020,281,all_deer,R,0,0,0,242,222,21,0,16,226,90,132
2020,281,all_deer,SUM,0,0,0,263,243,21,0,16,247,93,149
2020,281,md,N,0,0,0,5,5,0,0,0,5,2,3
2020,281,md,R,0,0,0,23,23,0,0,0,23,3,21
2020,281,md,SUM,0,0,0,28,28,0,0,0,28,4,24
2020,281,wt,N,0,0,0,16,16,0,0,0,16,2,15
2020,281,wt,R,0,0,0,219,199,21,0,16,203,87,111
2020,281,wt,SUM,0,0,0,236,215,21,0,16,220,89,126
2020,282,all_deer,N,0,0,0,0,0,0,0,0,0,0,0
2020,282,all_deer,R,0,0,0,56,43,13,0,14,43,24,16
2020,282,all_deer,SUM,0,0,0,56,43,13,0,14,43,24,16
2020,282,md,N,0,0,0,0,0,0,0,0,0,0,0
2020,282,md,R,0,0,0,7,7,0,0,0,7,3,3
2020,282,md,SUM,0,0,0,7,7,0,0,0,7,3,3
2020,282,wt,N,0,0,0,0,0,0,0,0,0,0,0
2020,282,wt,R,0,0,0,50,37,13,0,14,36,20,13
2020,282,wt,SUM,0,0,0,50,37,13,0,14,36,20,13
2020,283,all_deer,N,0,0,0,9,9,0,0,0,9,0,9
2020,283,all_deer,R,0,0,0,298,223,71,3,38,260,71,152
2020,283,all_deer,SUM,0,0,0,306,232,71,3,38,268,71,160
2020,283,md,N,0,0,0,0,0,0,0,0,0,0,0
2020,283,md,R,0,0,0,31,31,0,0,0,31,3,27
2020,283,md,SUM,0,0,0,31,31,0,0,0,31,3,27
2020,283,wt,N,0,0,0,9,9,0,0,0,9,0,9
2020,283,wt,R,0,0,0,267,192,71,3,38,229,68,125
2020,283,wt,SUM,0,0,0,276,201,71,3,38,238,68,133
2020,284,all_deer,N,0,0,0,3,3,0,0,0,3,0,3
2020,284,all_deer,R,0,0,0,19,19,0,0,7,13,13,7
2020,284,all_deer,SUM,0,0,0,22,22,0,0,7,16,13,10
2020,284,md,N,0,0,0,3,3,0,0,0,3,0,3
2020,284,md,R,0,0,0,3,3,0,0,0,3,3,0
2020,284,md,SUM,0,0,0,5,5,0,0,0,5,3,3
2020,284,wt,N,0,0,0,0,0,0,0,0,0,0,0
2020,284,wt,R,0,0,0,17,17,0,0,7,10,10,7
2020,284,wt,SUM,0,0,0,17,17,0,0,7,10,10,7
2020,285,all_deer,N,0,0,0,23,23,0,0,0,23,9,15
2020,285,all_deer,R,0,0,0,544,468,76,0,14,530,227,241
2020,285,all_deer,SUM,0,0,0,567,491,76,0,14,553,236,255
2020,285,md,N,0,0,0,6,6,0,0,0,6,3,3
2020,285,md,R,0,0,0,34,34,0,0,0,34,10,24
2020,285,md,SUM,0,0,0,40,40,0,0,0,40,13,27
2020,285,wt,N,0,0,0,18,18,0,0,0,18,6,12
2020,285,wt,R,0,0,0,510,434,76,0,14,496,217,217
2020,285,wt,SUM,0,0,0,528,452,76,0,14,513,223,229
2020,290,all_deer,N,0,0,0,5,5,0,0,0,5,3,2
2020,290,all_deer,R,0,0,0,112,78,34,0,61,52,14,64
2020,290,all_deer,SUM,0,0,0,117,83,34,0,61,56,17,66
2020,290,md,N,0,0,0,5,5,0,0,0,5,3,2
2020,290,md,R,0,0,0,12,12,0,0,9,3,5,7
2020,290,md,SUM,0,0,0,17,17,0,0,9,8,8,8
2020,290,wt,N,0,0,0,0,0,0,0,0,0,0,0
2020,290,wt,R,0,0,0,100,66,34,0,52,48,9,57
2020,290,wt,SUM,0,0,0,100,66,34,0,52,48,9,57
2020,291,all_deer,N,0,0,0,0,0,0,0,0,0,0,0
2020,291,all_deer,R,0,0,0,104,73,31,0,5,98,19,54
2020,291,all_deer,SUM,0,0,0,104,73,31,0,5,98,19,54
2020,291,md,N,0,0,0,0,0,0,0,0,0,0,0
2020,291,md,R,0,0,0,50,34,17,0,4,47,2,32
2020,291,md,SUM,0,0,0,50,34,17,0,4,47,2,32
2020,291,wt,N,0,0,0,0,0,0,0,0,0,0,0
2020,291,wt,R,0,0,0,53,39,14,0,2,52,17,22
2020,291,wt,SUM,0,0,0,53,39,14,0,2,52,17,22
2020,292,all_deer,N,0,0,0,8,8,0,0,0,8,2,6
2020,292,all_deer,R,0,0,0,457,393,61,3,18,439,207,186
2020,292,all_deer,SUM,0,0,0,465,401,61,3,18,447,209,192
2020,292,md,N,0,0,0,3,3,0,0,0,3,0,3
2020,292,md,R,0,0,0,120,120,0,0,4,116,65,54
2020,292,md,SUM,0,0,0,123,123,0,0,4,119,65,58
2020,292,wt,N,0,0,0,5,5,0,0,0,5,2,3
2020,292,wt,R,0,0,0,337,273,61,3,14,324,142,132
2020,292,wt,SUM,0,0,0,342,278,61,3,14,328,143,135
2020,293,all_deer,N,0,0,0,6,6,0,0,0,6,0,6
2020,293,all_deer,R,0,0,0,126,109,17,0,7,119,37,72
2020,293,all_deer,SUM,0,0,0,131,115,17,0,7,125,37,77
2020,293,md,N,0,0,0,6,6,0,0,0,6,0,6
2020,293,md,R,0,0,0,48,48,0,0,7,41,20,27
2020,293,md,SUM,0,0,0,54,54,0,0,7,47,20,33
2020,293,wt,N,0,0,0,0,0,0,0,0,0,0,0
2020,293,wt,R,0,0,0,78,61,17,0,0,78,17,44
2020,293,wt,SUM,0,0,0,78,61,17,0,0,78,17,44
2020,298,all_deer,N,0,0,0,0,0,0,0,0,0,0,0
2020,298,all_deer,R,0,0,0,74,61,14,0,3,71,16,44
2020,298,all_deer,SUM,0,0,0,74,61,14,0,3,71,16,44
2020,298,md,N,0,0,0,0,0,0,0,0,0,0,0
2020,298,md,R,0,0,0,4,4,0,0,0,4,0,4
2020,298,md,SUM,0,0,0,4,4,0,0,0,4,0,4
2020,298,wt,N,0,0,0,0,0,0,0,0,0,0,0
2020,298,wt,R,0,0,0,71,57,14,0,3,67,16,41
2020,298,wt,SUM,0,0,0,71,57,14,0,3,67,16,41
2020,2XX,all_deer,N,0,0,0,21,18,3,0,0,21,9,9
2020,2XX,all_deer,R,0,0,0,28,14,14,0,3,25,7,7
2020,2XX,all_deer,SUM,0,0,0,49,31,18,0,3,45,16,16
2020,2XX,md,N,0,0,0,3,3,0,0,0,3,3,0
2020,2XX,md,SUM,0,0,0,3,3,0,0,0,3,3,0
2020,2XX,wt,N,0,0,0,18,15,3,0,0,18,6,9
2020,2XX,wt,R,0,0,0,28,14,14,0,3,25,7,7
2020,2XX,wt,SUM,0,0,0,46,28,18,0,3,43,13,16
2020,300,all_deer,N,0,0,0,59,32,27,0,3,56,6,26
2020,300,all_deer,R,0,0,0,217,109,108,0,0,217,40,69
2020,300,all_deer,SUM,0,0,0,276,141,135,0,3,273,46,96
2020,300,md,N,0,0,0,38,23,15,0,3,35,6,18
2020,300,md,R,0,0,0,84,55,29,0,0,84,23,32
2020,300,md,SUM,0,0,0,122,78,44,0,3,119,29,50
2020,300,wt,N,0,0,0,21,9,13,0,0,21,0,9
2020,300,wt,R,0,0,0,133,54,79,0,0,133,17,37
2020,300,wt,SUM,0,0,0,155,63,92,0,0,155,17,46
2020,301,all_deer,N,0,0,0,10,3,7,0,0,10,0,3
2020,301,all_deer,R,0,0,0,234,161,72,0,37,197,64,97
2020,301,all_deer,SUM,0,0,0,243,164,79,0,37,206,64,100
2020,301,md,N,0,0,0,3,3,0,0,0,3,0,3
2020,301,md,R,0,0,0,71,64,7,0,13,57,44,20
2020,301,md,SUM,0,0,0,74,67,7,0,13,60,44,23
2020,301,wt,N,0,0,0,7,0,7,0,0,7,0,0
2020,301,wt,R,0,0,0,163,97,66,0,24,139,20,77
2020,301,wt,SUM,0,0,0,170,97,72,0,24,146,20,77
2020,302,all_deer,N,0,0,0,98,61,37,0,3,96,32,29
2020,302,all_deer,R,0,0,0,130,90,36,3,3,127,41,50
2020,302,all_deer,SUM,0,0,0,228,152,73,3,6,222,73,79
2020,302,md,N,0,0,0,70,53,18,0,0,70,32,20
2020,302,md,R,0,0,0,97,73,20,3,3,94,34,40
2020,302,md,SUM,0,0,0,167,126,38,3,3,164,66,60
2020,302,wt,N,0,0,0,28,9,20,0,3,25,0,9
2020,302,wt,R,0,0,0,33,17,16,0,0,33,7,10
2020,302,wt,SUM,0,0,0,61,26,36,0,3,58,7,19
2020,309,all_deer,N,0,0,0,25,15,10,0,3,22,0,15
2020,309,all_deer,R,0,0,0,499,256,243,0,127,372,47,209
2020,309,all_deer,SUM,0,0,0,524,271,253,0,130,394,47,224
2020,309,md,N,0,0,0,3,3,0,0,0,3,0,3
2020,309,md,R,0,0,0,45,34,11,0,8,37,10,24
2020,309,md,SUM,0,0,0,48,37,11,0,8,40,10,27
2020,309,wt,N,0,0,0,22,12,10,0,3,19,0,12
2020,309,wt,R,0,0,0,454,222,232,0,120,335,37,185
2020,309,wt,SUM,0,0,0,476,234,242,0,122,354,37,197
2020,310,all_deer,N,0,0,0,0,0,0,0,0,0,0,0
2020,310,all_deer,R,0,0,0,30,27,3,0,3,27,10,17
2020,310,all_deer,SUM,0,0,0,30,27,3,0,3,27,10,17
2020,310,md,N,0,0,0,0,0,0,0,0,0,0,0
2020,310,md,R,0,0,0,17,17,0,0,3,14,10,7
2020,310,md,SUM,0,0,0,17,17,0,0,3,14,10,7
2020,310,wt,N,0,0,0,0,0,0,0,0,0,0,0
2020,310,wt,R,0,0,0,13,10,3,0,0,13,0,10
2020,310,wt,SUM,0,0,0,13,10,3,0,0,13,0,10
2020,311,all_deer,N,0,0,0,55,23,32,0,3,52,3,20
2020,311,all_deer,R,0,0,0,1131,668,460,3,84,1047,185,480
2020,311,all_deer,SUM,0,0,0,1186,692,491,3,87,1099,188,501
2020,311,md,N,0,0,0,6,6,0,0,0,6,3,3
2020,311,md,R,0,0,0,330,248,82,0,17,313,119,129
2020,311,md,SUM,0,0,0,336,254,82,0,17,319,122,132
2020,311,wt,N,0,0,0,49,18,32,0,3,46,0,18
2020,311,wt,R,0,0,0,801,420,378,3,67,734,65,351
2020,311,wt,SUM,0,0,0,850,437,410,3,70,780,65,369
2020,312,all_deer,N,0,0,0,47,24,23,0,6,41,3,21
2020,312,all_deer,R,0,0,0,848,496,351,0,103,745,141,356
2020,312,all_deer,SUM,0,0,0,895,520,375,0,109,786,144,377
2020,312,md,N,0,0,0,15,12,3,0,3,12,3,9
2020,312,md,R,0,0,0,201,178,23,0,22,179,80,98
2020,312,md,SUM,0,0,0,216,190,26,0,25,191,83,107
2020,312,wt,N,0,0,0,33,12,21,0,3,30,0,12
2020,312,wt,R,0,0,0,647,319,328,0,81,566,61,258
2020,312,wt,SUM,0,0,0,680,331,349,0,84,596,61,270
2020,313,all_deer,N,0,0,0,27,23,3,0,3,24,6,18
2020,313,all_deer,R,0,0,0,187,129,58,0,2,185,54,75
2020,313,all_deer,SUM,0,0,0,213,152,61,0,5,208,60,92
2020,313,md,N,0,0,0,23,23,0,0,3,20,6,18
2020,313,md,R,0,0,0,150,112,38,0,2,148,51,61
2020,313,md,SUM,0,0,0,174,135,38,0,5,169,57,79
2020,313,wt,N,0,0,0,3,0,3,0,0,3,0,0
2020,313,wt,R,0,0,0,36,17,19,0,0,36,3,14
2020,313,wt,SUM,0,0,0,40,17,23,0,0,40,3,14
2020,314,all_deer,N,0,0,0,50,35,13,2,3,47,12,23
2020,314,all_deer,R,0,0,0,354,250,104,0,7,348,74,176
2020,314,all_deer,SUM,0,0,0,404,285,116,2,10,394,86,199
2020,314,md,N,0,0,0,26,23,3,0,0,26,9,15
2020,314,md,R,0,0,0,165,142,23,0,3,162,40,102
2020,314,md,SUM,0,0,0,192,165,26,0,3,188,49,116
2020,314,wt,N,0,0,0,24,12,10,2,3,20,3,9
2020,314,wt,R,0,0,0,189,109,80,0,3,186,34,75
2020,314,wt,SUM,0,0,0,213,120,90,2,7,206,37,83
2020,315,all_deer,N,0,0,0,110,78,32,0,14,96,23,47
2020,315,all_deer,R,0,0,0,594,356,235,3,21,573,176,179
2020,315,all_deer,SUM,0,0,0,704,433,267,3,35,668,200,226
2020,315,md,N,0,0,0,38,38,0,0,3,35,18,20
2020,315,md,R,0,0,0,209,183,26,0,8,200,115,68
2020,315,md,SUM,0,0,0,247,221,26,0,11,235,133,88
2020,315,wt,N,0,0,0,72,40,32,0,11,61,6,26
2020,315,wt,R,0,0,0,385,172,210,3,13,372,61,111
2020,315,wt,SUM,0,0,0,457,212,241,3,24,433,67,138
2020,317,all_deer,N,0,0,0,92,61,30,0,14,78,20,41
2020,317,all_deer,R,0,0,0,566,325,237,3,37,528,102,220
2020,317,all_deer,SUM,0,0,0,657,386,268,3,51,606,122,261
2020,317,md,N,0,0,0,42,38,4,0,3,39,15,23
2020,317,md,R,0,0,0,153,125,28,0,5,148,54,71
2020,317,md,SUM,0,0,0,195,163,32,0,8,187,69,94
2020,317,wt,N,0,0,0,50,23,26,0,11,39,6,18
2020,317,wt,R,0,0,0,412,200,209,3,32,381,48,149
2020,317,wt,SUM,0,0,0,462,223,235,3,43,419,53,167
2020,318,all_deer,N,0,0,0,3,3,0,0,0,3,3,0
2020,318,all_deer,R,0,0,0,97,71,26,0,22,75,61,10
2020,318,all_deer,SUM,0,0,0,100,74,26,0,22,78,64,10
2020,318,md,N,0,0,0,3,3,0,0,0,3,3,0
2020,318,md,R,0,0,0,87,64,23,0,19,69,61,3
2020,318,md,SUM,0,0,0,90,67,23,0,19,72,64,3
2020,318,wt,N,0,0,0,0,0,0,0,0,0,0,0
2020,318,wt,R,0,0,0,10,7,3,0,3,7,0,7
2020,318,wt,SUM,0,0,0,10,7,3,0,3,7,0,7
2020,319,all_deer,N,0,0,0,23,23,0,0,0,23,11,12
2020,319,all_deer,R,0,0,0,73,49,25,0,6,68,27,21
2020,319,all_deer,SUM,0,0,0,97,72,25,0,6,91,38,34
2020,319,md,N,0,0,0,17,17,0,0,0,17,11,7
2020,319,md,R,0,0,0,49,34,15,0,2,47,23,11
2020,319,md,SUM,0,0,0,66,51,15,0,2,64,33,18
2020,319,wt,N,0,0,0,6,6,0,0,0,6,0,6
2020,319,wt,R,0,0,0,25,15,10,0,3,21,5,10
2020,319,wt,SUM,0,0,0,31,21,10,0,3,27,5,16
2020,320,all_deer,N,0,0,0,116,73,39,4,31,85,26,44
2020,320,all_deer,R,0,0,0,715,373,342,0,28,687,132,238
2020,320,all_deer,SUM,0,0,0,831,447,381,4,60,772,159,282
2020,320,md,N,0,0,0,32,26,6,0,3,29,15,12
2020,320,md,R,0,0,0,176,153,24,0,3,173,85,68
2020,320,md,SUM,0,0,0,208,179,30,0,6,202,99,80
2020,320,wt,N,0,0,0,84,47,33,4,28,56,12,32
2020,320,wt,R,0,0,0,539,221,318,0,25,514,48,170
2020,320,wt,SUM,0,0,0,623,268,351,4,53,570,59,202
2020,321,all_deer,N,0,0,0,12,9,3,0,6,6,6,3
2020,321,all_deer,R,0,0,0,39,32,7,0,0,39,7,25
2020,321,all_deer,SUM,0,0,0,51,41,10,0,6,45,13,28
2020,321,md,N,0,0,0,9,9,0,0,3,6,6,3
2020,321,md,R,0,0,0,20,14,7,0,0,20,7,7
2020,321,md,SUM,0,0,0,29,22,7,0,3,26,13,10
2020,321,wt,N,0,0,0,3,0,3,0,3,0,0,0
2020,321,wt,R,0,0,0,19,19,0,0,0,19,0,19
2020,321,wt,SUM,0,0,0,22,19,3,0,3,19,0,19
2020,322,all_deer,N,0,0,0,233,112,121,0,49,184,44,64
2020,322,all_deer,R,0,0,0,912,357,546,8,59,852,93,261
2020,322,all_deer,SUM,0,0,0,1144,469,667,8,109,1036,137,325
2020,322,md,N,0,0,0,56,44,12,0,3,53,18,26
2020,322,md,R,0,0,0,164,107,57,0,3,161,56,51
2020,322,md,SUM,0,0,0,220,151,69,0,6,213,73,77
2020,322,wt,N,0,0,0,177,68,109,0,46,131,26,38
2020,322,wt,R,0,0,0,748,250,489,8,56,692,37,210
2020,322,wt,SUM,0,0,0,925,319,598,8,102,823,64,248
2020,323,all_deer,N,0,0,0,21,18,3,0,0,21,12,6
2020,323,all_deer,R,0,0,0,51,41,10,0,3,48,24,17
2020,323,all_deer,SUM,0,0,0,72,58,14,0,3,68,35,23
2020,323,md,N,0,0,0,15,15,0,0,0,15,12,3
2020,323,md,R,0,0,0,41,31,10,0,3,37,20,10
2020,323,md,SUM,0,0,0,55,45,10,0,3,52,32,13
2020,323,wt,N,0,0,0,6,3,3,0,0,6,0,3
2020,323,wt,R,0,0,0,10,10,0,0,0,10,3,7
2020,323,wt,SUM,0,0,0,16,13,3,0,0,16,3,10
2020,324,all_deer,N,0,0,0,21,11,3,7,3,18,3,8
2020,324,all_deer,R,0,0,0,80,35,45,0,3,77,0,35
2020,324,all_deer,SUM,0,0,0,101,46,48,7,6,95,3,43
2020,324,md,N,0,0,0,8,5,3,0,3,5,3,2
2020,324,md,R,0,0,0,35,18,17,0,3,32,0,18
2020,324,md,SUM,0,0,0,43,23,20,0,6,37,3,20
2020,324,wt,N,0,0,0,13,6,0,7,0,13,0,6
2020,324,wt,R,0,0,0,45,17,28,0,0,45,0,17
2020,324,wt,SUM,0,0,0,58,23,28,7,0,58,0,23
2020,325,all_deer,N,0,0,0,212,155,57,0,12,201,67,85
2020,325,all_deer,R,0,0,0,544,309,236,0,38,506,122,187
2020,325,all_deer,SUM,0,0,0,757,464,293,0,50,707,189,271
2020,325,md,N,0,0,0,129,117,12,0,9,120,61,56
2020,325,md,R,0,0,0,242,170,73,0,8,234,92,78
2020,325,md,SUM,0,0,0,371,286,84,0,17,354,153,134
2020,325,wt,N,0,0,0,84,38,45,0,3,81,6,29
2020,325,wt,R,0,0,0,302,139,163,0,30,272,31,109
2020,325,wt,SUM,0,0,0,386,177,208,0,33,353,36,138
2020,326,all_deer,N,0,0,0,80,38,39,3,3,77,20,18
2020,326,all_deer,R,0,0,0,208,129,80,0,3,205,61,68
2020,326,all_deer,SUM,0,0,0,288,167,118,3,6,282,82,85
2020,326,md,N,0,0,0,32,23,9,0,0,32,18,6
2020,326,md,R,0,0,0,115,88,27,0,0,115,58,31
2020,326,md,SUM,0,0,0,147,112,36,0,0,147,75,36
2020,326,wt,N,0,0,0,48,15,30,3,3,45,3,12
2020,326,wt,R,0,0,0,93,41,52,0,3,90,3,37
2020,326,wt,SUM,0,0,0,141,55,82,3,6,135,6,49
2020,327,all_deer,N,0,0,0,12,9,3,0,0,12,6,3
2020,327,all_deer,R,0,0,0,71,58,13,0,3,68,27,31
2020,327,all_deer,SUM,0,0,0,83,66,16,0,3,79,33,33
2020,327,md,N,0,0,0,9,6,3,0,0,9,6,0
2020,327,md,R,0,0,0,51,44,7,0,0,51,20,24
2020,327,md,SUM,0,0,0,60,50,10,0,0,60,26,24
2020,327,wt,N,0,0,0,3,3,0,0,0,3,0,3
2020,327,wt,R,0,0,0,20,14,7,0,3,17,7,7
2020,327,wt,SUM,0,0,0,23,17,7,0,3,20,7,10
2020,328,all_deer,N,0,0,0,24,18,6,0,9,15,6,12
2020,328,all_deer,R,0,0,0,27,24,3,0,0,27,10,14
2020,328,all_deer,SUM,0,0,0,51,41,9,0,9,42,16,25
2020,328,md,N,0,0,0,20,18,3,0,9,12,6,12
2020,328,md,R,0,0,0,17,17,0,0,0,17,10,7
2020,328,md,SUM,0,0,0,37,35,3,0,9,29,16,19
2020,328,wt,N,0,0,0,3,0,3,0,0,3,0,0
2020,328,wt,R,0,0,0,10,7,3,0,0,10,0,7
2020,328,wt,SUM,0,0,0,13,7,7,0,0,13,0,7
2020,329,all_deer,N,0,0,0,65,41,21,3,6,59,29,12
2020,329,all_deer,R,0,0,0,152,80,72,0,17,135,41,39
2020,329,all_deer,SUM,0,0,0,217,121,93,3,23,194,70,51
2020,329,md,N,0,0,0,56,41,12,3,6,50,29,12
2020,329,md,R,0,0,0,100,60,41,0,17,83,34,26
2020,329,md,SUM,0,0,0,156,101,52,3,23,133,63,38
2020,329,wt,N,0,0,0,10,0,10,0,0,10,0,0
2020,329,wt,R,0,0,0,52,20,31,0,0,52,7,14
2020,329,wt,SUM,0,0,0,61,20,41,0,0,61,7,14
2020,330,all_deer,N,0,0,0,103,70,33,0,9,95,38,32
2020,330,all_deer,R,0,0,0,289,190,92,7,3,285,78,112
2020,330,all_deer,SUM,0,0,0,392,260,125,7,12,380,116,144
2020,330,md,N,0,0,0,64,56,9,0,6,58,29,26
2020,330,md,R,0,0,0,125,118,7,0,0,125,61,57
2020,330,md,SUM,0,0,0,189,174,16,0,6,184,90,84
2020,330,wt,N,0,0,0,39,15,25,0,3,36,9,6
2020,330,wt,R,0,0,0,163,71,85,7,3,160,17,54
2020,330,wt,SUM,0,0,0,203,86,110,7,6,196,26,60
2020,331,all_deer,N,0,0,0,71,56,15,0,0,71,26,29
2020,331,all_deer,R,0,0,0,518,342,176,0,14,505,200,142
2020,331,all_deer,SUM,0,0,0,589,398,191,0,14,575,226,171
2020,331,md,N,0,0,0,44,35,9,0,0,44,26,9
2020,331,md,R,0,0,0,336,251,85,0,7,329,183,68
2020,331,md,SUM,0,0,0,380,286,94,0,7,373,209,77
2020,331,wt,N,0,0,0,27,20,6,0,0,27,0,20
2020,331,wt,R,0,0,0,183,91,91,0,7,176,17,74
2020,331,wt,SUM,0,0,0,209,112,98,0,7,203,17,95
2020,332,all_deer,N,0,0,0,6,6,0,0,0,6,3,3
2020,332,all_deer,R,0,0,0,54,37,17,0,7,47,24,14
2020,332,all_deer,SUM,0,0,0,60,43,17,0,7,53,27,17
2020,332,md,N,0,0,0,6,6,0,0,0,6,3,3
2020,332,md,R,0,0,0,48,37,10,0,7,41,24,14
2020,332,md,SUM,0,0,0,53,43,10,0,7,47,27,17
2020,332,wt,N,0,0,0,0,0,0,0,0,0,0,0
2020,332,wt,R,0,0,0,7,0,7,0,0,7,0,0
2020,332,wt,SUM,0,0,0,7,0,7,0,0,7,0,0
2020,333,all_deer,N,0,0,0,67,20,46,0,3,64,3,18
2020,333,all_deer,R,0,0,0,872,449,423,0,58,813,156,293
2020,333,all_deer,SUM,0,0,0,938,469,469,0,61,877,159,311
2020,333,md,N,0,0,0,9,9,0,0,0,9,3,6
2020,333,md,R,0,0,0,227,159,68,0,7,220,88,71
2020,333,md,SUM,0,0,0,236,168,68,0,7,229,91,77
2020,333,wt,N,0,0,0,58,12,46,0,3,55,0,12
2020,333,wt,R,0,0,0,645,290,355,0,52,593,68,222
2020,333,wt,SUM,0,0,0,703,301,401,0,54,648,68,234
2020,334,all_deer,N,0,0,0,3,3,0,0,0,3,3,0
2020,334,all_deer,R,0,0,0,47,33,13,0,14,33,14,20
2020,334,all_deer,SUM,0,0,0,50,36,13,0,14,36,17,20
2020,334,md,N,0,0,0,3,3,0,0,0,3,3,0
2020,334,md,R,0,0,0,30,20,10,0,14,16,7,13
2020,334,md,SUM,0,0,0,33,23,10,0,14,19,10,13
2020,334,wt,N,0,0,0,0,0,0,0,0,0,0,0
2020,334,wt,R,0,0,0,17,14,3,0,0,17,7,7
2020,334,wt,SUM,0,0,0,17,14,3,0,0,17,7,7
2020,335,all_deer,N,0,0,0,6,6,0,0,0,6,0,6
2020,335,all_deer,R,0,0,0,193,147,46,0,3,190,105,42
2020,335,all_deer,SUM,0,0,0,199,153,46,0,3,195,105,48
2020,335,md,N,0,0,0,6,6,0,0,0,6,0,6
2020,335,md,R,0,0,0,157,137,19,0,0,157,102,36
2020,335,md,SUM,0,0,0,162,143,19,0,0,162,102,41
2020,335,wt,N,0,0,0,0,0,0,0,0,0,0,0
2020,335,wt,R,0,0,0,37,10,26,0,3,33,3,7
2020,335,wt,SUM,0,0,0,37,10,26,0,3,33,3,7
2020,339,all_deer,N,0,0,0,16,15,1,0,0,16,3,12
2020,339,all_deer,R,0,0,0,135,103,32,0,10,125,64,39
2020,339,all_deer,SUM,0,0,0,151,118,33,0,10,141,67,51
2020,339,md,N,0,0,0,13,12,1,0,0,13,3,9
2020,339,md,R,0,0,0,106,93,12,0,3,102,61,32
2020,339,md,SUM,0,0,0,118,105,13,0,3,115,64,41
2020,339,wt,N,0,0,0,3,3,0,0,0,3,0,3
2020,339,wt,R,0,0,0,30,10,20,0,7,23,3,7
2020,339,wt,SUM,0,0,0,33,13,20,0,7,26,3,10
2020,340,all_deer,N,0,0,0,126,61,65,0,0,126,18,44
2020,340,all_deer,R,0,0,0,913,448,462,3,60,852,176,271
2020,340,all_deer,SUM,0,0,0,1039,509,527,3,60,979,194,315
2020,340,md,N,0,0,0,23,18,6,0,0,23,12,6
2020,340,md,R,0,0,0,379,227,149,3,29,351,139,88
2020,340,md,SUM,0,0,0,403,245,155,3,29,374,151,94
2020,340,wt,N,0,0,0,103,44,59,0,0,103,6,38
2020,340,wt,R,0,0,0,534,220,313,0,32,502,37,183
2020,340,wt,SUM,0,0,0,636,264,372,0,32,605,43,221
2020,341,all_deer,N,0,0,0,9,6,3,0,0,9,0,6
2020,341,all_deer,R,0,0,0,141,87,54,0,3,138,57,31
2020,341,all_deer,SUM,0,0,0,150,93,57,0,3,147,57,36
2020,341,md,N,0,0,0,9,6,3,0,0,9,0,6
2020,341,md,R,0,0,0,105,77,28,0,3,102,50,27
2020,341,md,SUM,0,0,0,114,83,31,0,3,111,50,33
2020,341,wt,N,0,0,0,0,0,0,0,0,0,0,0
2020,341,wt,R,0,0,0,36,10,26,0,0,36,7,3
2020,341,wt,SUM,0,0,0,36,10,26,0,0,36,7,3
2020,343,all_deer,N,0,0,0,6,6,0,0,0,6,6,0
2020,343,all_deer,R,0,0,0,190,149,37,3,14,176,102,48
2020,343,all_deer,SUM,0,0,0,195,155,37,3,14,182,108,48
2020,343,md,N,0,0,0,3,3,0,0,0,3,3,0
2020,343,md,R,0,0,0,126,122,0,3,14,112,85,37
2020,343,md,SUM,0,0,0,128,125,0,3,14,115,88,37
2020,343,wt,N,0,0,0,3,3,0,0,0,3,3,0
2020,343,wt,R,0,0,0,64,27,37,0,0,64,17,10
2020,343,wt,SUM,0,0,0,67,30,37,0,0,67,20,10
2020,350,all_deer,N,0,0,0,9,9,0,0,0,9,6,3
2020,350,all_deer,R,0,0,0,76,57,19,0,0,76,41,17
2020,350,all_deer,SUM,0,0,0,85,66,19,0,0,85,46,20
2020,350,md,N,0,0,0,9,9,0,0,0,9,6,3
2020,350,md,R,0,0,0,66,57,9,0,0,66,41,17
2020,350,md,SUM,0,0,0,75,66,9,0,0,75,46,20
2020,350,wt,N,0,0,0,0,0,0,0,0,0,0,0
2020,350,wt,R,0,0,0,10,0,10,0,0,10,0,0
2020,350,wt,SUM,0,0,0,10,0,10,0,0,10,0,0
2020,360,all_deer,N,0,0,0,92,74,18,0,9,83,32,42
2020,360,all_deer,R,0,0,0,274,173,98,3,16,258,71,102
2020,360,all_deer,SUM,0,0,0,366,246,117,3,25,341,103,143
2020,360,md,N,0,0,0,44,44,0,0,3,42,20,24
2020,360,md,R,0,0,0,102,95,7,0,3,98,47,48
2020,360,md,SUM,0,0,0,146,139,7,0,6,140,68,72
2020,360,wt,N,0,0,0,48,29,18,0,6,41,12,18
2020,360,wt,R,0,0,0,173,78,92,3,13,160,24,54
2020,360,wt,SUM,0,0,0,220,107,110,3,19,201,35,72
2020,361,all_deer,N,0,0,0,12,6,6,0,6,6,0,6
2020,361,all_deer,R,0,0,0,14,10,3,0,0,14,7,3
2020,361,all_deer,SUM,0,0,0,25,16,9,0,6,19,7,9
2020,361,md,N,0,0,0,12,6,6,0,6,6,0,6
2020,361,md,R,0,0,0,3,3,0,0,0,3,3,0
2020,361,md,SUM,0,0,0,15,9,6,0,6,9,3,6
2020,361,wt,N,0,0,0,0,0,0,0,0,0,0,0
2020,361,wt,R,0,0,0,10,7,3,0,0,10,3,3
2020,361,wt,SUM,0,0,0,10,7,3,0,0,10,3,3
2020,362,all_deer,N,0,0,0,15,15,0,0,3,12,12,3
2020,362,all_deer,R,0,0,0,20,14,7,0,3,17,7,7
2020,362,all_deer,SUM,0,0,0,35,28,7,0,6,28,19,10
2020,362,md,N,0,0,0,12,12,0,0,3,9,12,0
2020,362,md,R,0,0,0,17,14,3,0,3,14,7,7
2020,362,md,SUM,0,0,0,29,25,3,0,6,22,19,7
2020,362,wt,N,0,0,0,3,3,0,0,0,3,0,3
2020,362,wt,R,0,0,0,3,0,3,0,0,3,0,0
2020,362,wt,SUM,0,0,0,6,3,3,0,0,6,0,3
2020,370,all_deer,N,0,0,0,5,5,0,0,0,5,0,5
2020,370,all_deer,R,0,0,0,47,34,13,0,3,44,14,20
2020,370,all_deer,SUM,0,0,0,52,39,13,0,3,49,14,25
2020,370,md,N,0,0,0,3,3,0,0,0,3,0,3
2020,370,md,R,0,0,0,24,17,7,0,0,24,7,10
2020,370,md,SUM,0,0,0,27,20,7,0,0,27,7,13
2020,370,wt,N,0,0,0,2,2,0,0,0,2,0,2
2020,370,wt,R,0,0,0,23,17,6,0,3,20,7,10
2020,370,wt,SUM,0,0,0,25,19,6,0,3,22,7,12
2020,380,all_deer,N,0,0,0,84,42,42,0,3,81,25,17
2020,380,all_deer,R,0,0,0,827,482,335,10,44,784,205,271
2020,380,all_deer,SUM,0,0,0,911,525,377,10,47,865,230,288
2020,380,md,N,0,0,0,32,29,4,0,0,32,20,9
2020,380,md,R,0,0,0,369,273,92,5,9,361,145,128
2020,380,md,SUM,0,0,0,402,301,96,5,9,393,165,136
2020,380,wt,N,0,0,0,52,14,38,0,3,49,5,9
2020,380,wt,R,0,0,0,458,210,243,6,35,423,60,143
2020,380,wt,SUM,0,0,0,510,223,281,6,38,472,65,152
2020,388,all_deer,N,0,0,0,17,3,14,0,3,14,0,3
2020,388,all_deer,R,0,0,0,311,190,121,0,45,266,75,115
2020,388,all_deer,SUM,0,0,0,328,193,135,0,48,280,75,118
2020,388,md,N,0,0,0,4,0,4,0,0,4,0,0
2020,388,md,R,0,0,0,109,78,31,0,12,97,34,44
2020,388,md,SUM,0,0,0,113,78,35,0,12,101,34,44
2020,388,wt,N,0,0,0,13,3,10,0,3,10,0,3
2020,388,wt,R,0,0,0,202,112,90,0,33,169,41,71
2020,388,wt,SUM,0,0,0,215,115,100,0,37,178,41,74
2020,390,all_deer,N,0,0,0,14,12,2,0,0,14,0,12
2020,390,all_deer,R,0,0,0,198,137,61,0,21,176,82,54
2020,390,all_deer,SUM,0,0,0,211,148,63,0,21,190,82,66
2020,390,md,N,0,0,0,11,9,2,0,0,11,0,9
2020,390,md,R,0,0,0,149,127,23,0,18,132,76,51
2020,390,md,SUM,0,0,0,160,135,25,0,18,142,76,60
2020,390,wt,N,0,0,0,3,3,0,0,0,3,0,3
2020,390,wt,R,0,0,0,48,10,38,0,3,45,7,3
2020,390,wt,SUM,0,0,0,51,13,38,0,3,48,7,6
2020,391,all_deer,N,0,0,0,75,56,20,0,6,69,18,38
2020,391,all_deer,R,0,0,0,648,481,164,3,47,601,268,213
2020,391,all_deer,SUM,0,0,0,723,537,184,3,53,670,286,251
2020,391,md,N,0,0,0,56,47,10,0,6,50,18,29
2020,391,md,R,0,0,0,459,374,83,3,35,424,225,148
2020,391,md,SUM,0,0,0,515,420,92,3,41,475,243,178
2020,391,wt,N,0,0,0,19,9,10,0,0,19,0,9
2020,391,wt,R,0,0,0,190,108,82,0,13,177,43,64
2020,391,wt,SUM,0,0,0,208,116,92,0,13,196,43,73
2020,392,all_deer,N,0,0,0,35,32,3,0,3,32,12,20
2020,392,all_deer,R,0,0,0,204,150,55,0,24,180,81,68
2020,392,all_deer,SUM,0,0,0,239,181,57,0,27,212,93,89
2020,392,md,N,0,0,0,35,32,3,0,3,32,12,20
2020,392,md,R,0,0,0,162,124,38,0,21,141,68,55
2020,392,md,SUM,0,0,0,196,155,41,0,24,173,80,75
2020,392,wt,N,0,0,0,0,0,0,0,0,0,0,0
2020,392,wt,R,0,0,0,43,26,16,0,3,39,13,13
2020,392,wt,SUM,0,0,0,43,26,16,0,3,39,13,13
2020,393,all_deer,N,0,0,0,73,47,26,0,0,73,6,41
2020,393,all_deer,R,0,0,0,527,377,149,0,19,508,144,227
2020,393,all_deer,SUM,0,0,0,599,424,175,0,19,581,150,268
2020,393,md,N,0,0,0,33,26,6,0,0,33,6,20
2020,393,md,R,0,0,0,321,264,57,0,5,316,119,145
2020,393,md,SUM,0,0,0,354,290,63,0,5,348,125,166
2020,393,wt,N,0,0,0,40,20,20,0,0,40,0,20
2020,393,wt,R,0,0,0,206,113,92,0,13,193,25,81
2020,393,wt,SUM,0,0,0,246,134,112,0,13,233,25,102
2020,3XX,all_deer,N,0,0,0,57,22,35,0,9,48,0,18
2020,3XX,all_deer,R,0,0,0,172,69,100,3,3,169,37,32
2020,3XX,all_deer,SUM,0,0,0,230,91,135,3,12,217,37,50
2020,3XX,md,N,0,0,0,22,9,13,0,6,16,0,9
2020,3XX,md,R,0,0,0,51,41,7,3,3,48,20,20
2020,3XX,md,SUM,0,0,0,73,49,20,3,9,63,20,29
2020,3XX,wt,N,0,0,0,35,13,23,0,3,33,0,9
2020,3XX,wt,R,0,0,0,122,29,93,0,0,122,17,12
2020,3XX,wt,SUM,0,0,0,157,42,115,0,3,154,17,21
2020,400,all_deer,N,0,0,0,119,79,41,0,0,119,12,67
2020,400,all_deer,R,0,0,0,1060,743,305,13,24,1037,202,541
2020,400,all_deer,SUM,0,0,0,1180,822,345,13,24,1156,214,608
2020,400,md,N,0,0,0,70,56,15,0,0,70,12,44
2020,400,md,R,0,0,0,671,524,138,9,14,658,165,359
2020,400,md,SUM,0,0,0,742,580,153,9,14,728,177,403
2020,400,wt,N,0,0,0,49,23,26,0,0,49,0,23
2020,400,wt,R,0,0,0,389,219,167,3,10,379,37,182
2020,400,wt,SUM,0,0,0,438,242,192,3,10,428,37,205
2020,401,all_deer,N,0,0,0,75,56,19,0,3,72,3,53
2020,401,all_deer,R,0,0,0,693,482,211,0,12,681,113,369
2020,401,all_deer,SUM,0,0,0,767,538,230,0,15,753,116,422
2020,401,md,N,0,0,0,40,35,5,0,3,37,3,33
2020,401,md,R,0,0,0,392,293,98,0,9,383,93,200
2020,401,md,SUM,0,0,0,432,329,103,0,11,421,96,233
2020,401,wt,N,0,0,0,34,20,14,0,0,34,0,20
2020,401,wt,R,0,0,0,301,189,112,0,3,298,20,169
2020,401,wt,SUM,0,0,0,336,209,126,0,3,332,20,189
2020,403,all_deer,N,0,0,0,32,22,10,0,0,32,1,21
2020,403,all_deer,R,0,0,0,247,180,67,0,7,240,62,118
2020,403,all_deer,SUM,0,0,0,279,202,77,0,7,272,64,139
2020,403,md,N,0,0,0,21,19,2,0,0,21,1,18
2020,403,md,R,0,0,0,151,107,44,0,0,151,51,57
2020,403,md,SUM,0,0,0,172,127,45,0,0,172,52,74
2020,403,wt,N,0,0,0,12,3,9,0,0,12,0,3
2020,403,wt,R,0,0,0,96,73,23,0,7,89,12,61
2020,403,wt,SUM,0,0,0,108,76,32,0,7,101,12,64
2020,404,all_deer,N,0,0,0,121,70,51,0,10,111,12,58
2020,404,all_deer,R,0,0,0,1296,882,405,10,48,1248,255,623
2020,404,all_deer,SUM,0,0,0,1417,952,456,10,58,1359,267,682
2020,404,md,N,0,0,0,47,44,3,0,0,47,12,32
2020,404,md,R,0,0,0,578,488,89,0,0,578,177,308
2020,404,md,SUM,0,0,0,625,532,92,0,0,625,189,340
2020,404,wt,N,0,0,0,75,26,48,0,10,65,0,26
2020,404,wt,R,0,0,0,718,393,315,10,48,670,78,315
2020,404,wt,SUM,0,0,0,793,420,363,10,58,735,78,342
2020,405,all_deer,N,0,0,0,79,44,35,0,0,79,20,23
2020,405,all_deer,R,0,0,0,777,500,274,3,16,761,203,297
2020,405,all_deer,SUM,0,0,0,855,544,308,3,16,839,223,321
2020,405,md,N,0,0,0,53,35,18,0,0,53,18,18
2020,405,md,R,0,0,0,607,385,219,3,16,591,179,206
2020,405,md,SUM,0,0,0,660,420,237,3,16,644,197,223
2020,405,wt,N,0,0,0,26,9,17,0,0,26,3,6
2020,405,wt,R,0,0,0,170,115,54,0,0,170,24,92
2020,405,wt,SUM,0,0,0,196,124,71,0,0,196,27,97
2020,406,all_deer,N,0,0,0,63,35,28,0,0,63,3,32
2020,406,all_deer,R,0,0,0,518,286,225,7,3,515,105,181
2020,406,all_deer,SUM,0,0,0,581,321,253,7,3,578,108,213
2020,406,md,N,0,0,0,26,20,6,0,0,26,3,18
2020,406,md,R,0,0,0,231,144,80,7,0,231,61,83
2020,406,md,SUM,0,0,0,258,165,86,7,0,258,64,101
2020,406,wt,N,0,0,0,37,15,22,0,0,37,0,15
2020,406,wt,R,0,0,0,287,142,146,0,3,284,44,98
2020,406,wt,SUM,0,0,0,324,156,168,0,3,320,44,112
2020,410,all_deer,N,0,0,0,356,310,46,0,12,344,108,202
2020,410,all_deer,R,0,0,0,615,513,99,3,24,592,186,327
2020,410,all_deer,SUM,0,0,0,971,823,145,3,36,936,295,528
2020,410,md,N,0,0,0,293,275,19,0,6,288,102,172
2020,410,md,R,0,0,0,502,439,63,0,20,482,166,273
2020,410,md,SUM,0,0,0,795,714,82,0,26,769,268,445
2020,410,wt,N,0,0,0,62,35,27,0,6,56,6,29
2020,410,wt,R,0,0,0,113,74,36,3,4,110,20,54
2020,410,wt,SUM,0,0,0,176,109,63,3,9,166,26,83
2020,411,all_deer,N,0,0,0,311,219,91,0,20,290,38,181
2020,411,all_deer,R,0,0,0,1450,1010,434,5,56,1393,219,791
2020,411,all_deer,SUM,0,0,0,1760,1229,526,5,77,1683,257,972
2020,411,md,N,0,0,0,172,161,11,0,3,169,29,131
2020,411,md,R,0,0,0,535,455,78,2,14,522,128,328
2020,411,md,SUM,0,0,0,707,616,89,2,17,691,157,459
2020,411,wt,N,0,0,0,139,58,80,0,17,121,9,50
2020,411,wt,R,0,0,0,914,555,356,3,43,871,92,463
2020,411,wt,SUM,0,0,0,1053,613,436,3,60,992,100,513
2020,412,all_deer,N,0,0,0,332,219,113,0,6,326,38,181
2020,412,all_deer,R,0,0,0,683,481,195,7,20,663,132,349
2020,412,all_deer,SUM,0,0,0,1015,700,308,7,26,989,170,530
2020,412,md,N,0,0,0,188,175,13,0,0,188,32,143
2020,412,md,R,0,0,0,332,275,57,0,17,315,85,190
2020,412,md,SUM,0,0,0,520,450,70,0,17,503,117,333
2020,412,wt,N,0,0,0,143,44,100,0,6,138,6,38
2020,412,wt,R,0,0,0,351,207,138,7,3,348,48,159
2020,412,wt,SUM,0,0,0,495,250,238,7,9,486,53,197
2020,413,all_deer,N,0,0,0,87,59,28,0,9,78,12,47
2020,413,all_deer,R,0,0,0,1102,665,424,13,60,1041,203,461
2020,413,all_deer,SUM,0,0,0,1189,723,452,13,69,1120,215,508
2020,413,md,N,0,0,0,41,41,0,0,3,38,12,29
2020,413,md,R,0,0,0,529,373,149,7,0,529,166,207
2020,413,md,SUM,0,0,0,570,414,149,7,3,567,178,236
2020,413,wt,N,0,0,0,46,18,28,0,6,40,0,18
2020,413,wt,R,0,0,0,573,292,275,7,60,513,37,254
2020,413,wt,SUM,0,0,0,619,310,303,7,66,553,37,272
2020,415,all_deer,N,0,0,0,0,0,0,0,0,0,0,0
2020,415,all_deer,R,0,0,0,27,24,3,0,0,27,10,14
2020,415,all_deer,SUM,0,0,0,27,24,3,0,0,27,10,14
2020,415,md,N,0,0,0,0,0,0,0,0,0,0,0
2020,415,md,R,0,0,0,10,7,3,0,0,10,7,0
2020,415,md,SUM,0,0,0,10,7,3,0,0,10,7,0
2020,415,wt,N,0,0,0,0,0,0,0,0,0,0,0
2020,415,wt,R,0,0,0,17,17,0,0,0,17,3,14
2020,415,wt,SUM,0,0,0,17,17,0,0,0,17,3,14
2020,416,all_deer,N,0,0,0,84,67,17,0,6,79,23,44
2020,416,all_deer,R,0,0,0,193,146,47,0,7,186,44,102
2020,416,all_deer,SUM,0,0,0,277,213,64,0,13,265,67,146
2020,416,md,N,0,0,0,44,44,0,0,6,38,18,26
2020,416,md,R,0,0,0,78,75,3,0,3,75,27,48
2020,416,md,SUM,0,0,0,122,118,3,0,9,113,45,74
2020,416,wt,N,0,0,0,41,23,17,0,0,41,6,18
2020,416,wt,R,0,0,0,115,71,44,0,3,111,17,54
2020,416,wt,SUM,0,0,0,155,95,61,0,3,152,23,72
2020,417,all_deer,N,0,0,0,194,172,21,0,3,191,35,137
2020,417,all_deer,R,0,0,0,354,271,79,3,10,344,58,214
2020,417,all_deer,SUM,0,0,0,547,444,100,3,13,534,93,351
2020,417,md,N,0,0,0,185,164,21,0,3,182,32,131
2020,417,md,R,0,0,0,286,227,59,0,7,280,51,176
2020,417,md,SUM,0,0,0,471,391,80,0,10,461,83,308
2020,417,wt,N,0,0,0,9,9,0,0,0,9,3,6
2020,417,wt,R,0,0,0,67,44,20,3,3,64,7,37
2020,417,wt,SUM,0,0,0,76,53,20,3,3,73,10,43
2020,418,all_deer,N,0,0,0,70,64,6,0,3,67,12,53
2020,418,all_deer,R,0,0,0,205,175,30,0,0,205,58,117
2020,418,all_deer,SUM,0,0,0,275,239,36,0,3,272,69,170
2020,418,md,N,0,0,0,44,44,0,0,3,41,12,32
2020,418,md,R,0,0,0,75,75,0,0,0,75,41,34
2020,418,md,SUM,0,0,0,118,118,0,0,3,116,52,66
2020,418,wt,N,0,0,0,26,20,6,0,0,26,0,20
2020,418,wt,R,0,0,0,130,100,30,0,0,130,17,83
2020,418,wt,SUM,0,0,0,157,121,36,0,0,157,17,104
2020,419,all_deer,N,0,0,0,71,56,16,0,0,71,9,47
2020,419,all_deer,R,0,0,0,371,271,91,9,3,368,71,200
2020,419,all_deer,SUM,0,0,0,442,327,107,9,3,439,80,247
2020,419,md,N,0,0,0,62,56,7,0,0,62,9,47
2020,419,md,R,0,0,0,260,200,58,2,3,257,64,136
2020,419,md,SUM,0,0,0,322,256,65,2,3,319,73,182
2020,419,wt,N,0,0,0,9,0,9,0,0,9,0,0
2020,419,wt,R,0,0,0,111,71,33,7,0,111,7,64
2020,419,wt,SUM,0,0,0,120,71,42,7,0,120,7,64
2020,420,all_deer,N,0,0,0,23,23,0,0,0,23,15,9
2020,420,all_deer,R,0,0,0,81,51,30,0,0,81,17,34
2020,420,all_deer,SUM,0,0,0,104,74,30,0,0,104,32,43
2020,420,md,N,0,0,0,23,23,0,0,0,23,15,9
2020,420,md,R,0,0,0,20,20,0,0,0,20,7,14
2020,420,md,SUM,0,0,0,44,44,0,0,0,44,21,22
2020,420,wt,N,0,0,0,0,0,0,0,0,0,0,0
2020,420,wt,R,0,0,0,61,31,30,0,0,61,10,20
2020,420,wt,SUM,0,0,0,61,31,30,0,0,61,10,20
2020,421,all_deer,N,0,0,0,50,44,6,0,9,41,6,38
2020,421,all_deer,R,0,0,0,362,268,90,3,7,355,85,183
2020,421,all_deer,SUM,0,0,0,411,312,96,3,16,396,91,221
2020,421,md,N,0,0,0,26,26,0,0,6,20,0,26
2020,421,md,R,0,0,0,186,153,34,0,7,180,64,88
2020,421,md,SUM,0,0,0,213,179,34,0,13,200,64,114
2020,421,wt,N,0,0,0,23,18,6,0,3,20,6,12
2020,421,wt,R,0,0,0,175,115,57,3,0,175,20,95
2020,421,wt,SUM,0,0,0,198,133,62,3,3,195,26,107
2020,422,all_deer,N,0,0,0,41,32,9,0,0,41,3,29
2020,422,all_deer,R,0,0,0,200,127,69,3,5,195,44,83
2020,422,all_deer,SUM,0,0,0,241,159,78,3,5,236,47,112
2020,422,md,N,0,0,0,9,9,0,0,0,9,3,6
2020,422,md,R,0,0,0,64,58,3,3,0,64,17,41
2020,422,md,SUM,0,0,0,73,66,3,3,0,73,20,47
2020,422,wt,N,0,0,0,32,23,9,0,0,32,0,23
2020,422,wt,R,0,0,0,136,70,66,0,5,131,27,42
2020,422,wt,SUM,0,0,0,167,93,75,0,5,163,27,66
2020,423,all_deer,N,0,0,0,18,15,3,0,3,15,3,12
2020,423,all_deer,R,0,0,0,274,162,109,3,24,251,61,101
2020,423,all_deer,SUM,0,0,0,292,177,112,3,26,265,64,113
2020,423,md,N,0,0,0,12,9,3,0,0,12,3,6
2020,423,md,R,0,0,0,134,98,33,3,7,128,41,58
2020,423,md,SUM,0,0,0,146,107,36,3,7,139,44,64
2020,423,wt,N,0,0,0,6,6,0,0,3,3,0,6
2020,423,wt,R,0,0,0,140,64,76,0,17,123,21,43
2020,423,wt,SUM,0,0,0,146,70,76,0,20,126,21,49
2020,424,all_deer,N,0,0,0,3,0,3,0,0,3,0,0
2020,424,all_deer,R,0,0,0,18,10,8,0,0,18,3,7
2020,424,all_deer,SUM,0,0,0,21,10,11,0,0,21,3,7
2020,424,md,N,0,0,0,0,0,0,0,0,0,0,0
2020,424,md,R,0,0,0,7,7,0,0,0,7,3,3
2020,424,md,SUM,0,0,0,7,7,0,0,0,7,3,3
2020,424,wt,N,0,0,0,3,0,3,0,0,3,0,0
2020,424,wt,R,0,0,0,11,3,8,0,0,11,0,3
2020,424,wt,SUM,0,0,0,14,3,11,0,0,14,0,3
2020,425,all_deer,N,0,0,0,58,44,14,0,6,52,9,35
2020,425,all_deer,R,0,0,0,266,183,83,0,0,266,75,109
2020,425,all_deer,SUM,0,0,0,324,227,97,0,6,318,83,144
2020,425,md,N,0,0,0,23,20,3,0,3,20,9,12
2020,425,md,R,0,0,0,81,78,3,0,0,81,48,31
2020,425,md,SUM,0,0,0,105,98,6,0,3,102,56,42
2020,425,wt,N,0,0,0,35,23,11,0,3,32,0,23
2020,425,wt,R,0,0,0,184,105,79,0,0,184,27,78
2020,425,wt,SUM,0,0,0,219,129,91,0,3,216,27,101
2020,426,all_deer,N,0,0,0,158,137,20,0,0,158,23,114
2020,426,all_deer,R,0,0,0,651,539,108,3,20,630,119,421
2020,426,all_deer,SUM,0,0,0,808,677,128,3,20,788,142,535
2020,426,md,N,0,0,0,140,134,6,0,0,140,23,111
2020,426,md,R,0,0,0,580,509,71,0,20,560,112,397
2020,426,md,SUM,0,0,0,720,643,77,0,20,700,135,508
2020,426,wt,N,0,0,0,17,3,14,0,0,17,0,3
2020,426,wt,R,0,0,0,71,31,37,3,0,71,7,24
2020,426,wt,SUM,0,0,0,88,33,51,3,0,88,7,27
2020,432,all_deer,N,0,0,0,32,29,3,0,0,32,6,23
2020,432,all_deer,R,0,0,0,318,241,74,3,10,308,85,156
2020,432,all_deer,SUM,0,0,0,350,270,77,3,10,340,91,179
2020,432,md,N,0,0,0,26,26,0,0,0,26,6,20
2020,432,md,R,0,0,0,227,193,31,3,0,227,71,122
2020,432,md,SUM,0,0,0,254,220,31,3,0,254,77,143
2020,432,wt,N,0,0,0,6,3,3,0,0,6,0,3
2020,432,wt,R,0,0,0,91,48,43,0,10,81,14,34
2020,432,wt,SUM,0,0,0,97,50,46,0,10,87,14,37
2020,441,all_deer,N,0,0,0,24,21,3,0,0,24,3,19
2020,441,all_deer,R,0,0,0,223,135,88,0,0,223,32,103
2020,441,all_deer,SUM,0,0,0,247,157,91,0,0,247,35,121
2020,441,md,N,0,0,0,13,13,0,0,0,13,0,13
2020,441,md,R,0,0,0,70,56,14,0,0,70,12,44
2020,441,md,SUM,0,0,0,83,69,14,0,0,83,12,57
2020,441,wt,N,0,0,0,12,9,3,0,0,12,3,6
2020,441,wt,R,0,0,0,153,79,74,0,0,153,20,59
2020,441,wt,SUM,0,0,0,164,88,76,0,0,164,23,65
2020,442,all_deer,N,0,0,0,17,12,6,0,0,17,0,12
2020,442,all_deer,R,0,0,0,131,91,40,0,0,131,31,61
2020,442,all_deer,SUM,0,0,0,149,103,46,0,0,149,31,73
2020,442,md,N,0,0,0,6,6,0,0,0,6,0,6
2020,442,md,R,0,0,0,48,44,3,0,0,48,17,27
2020,442,md,SUM,0,0,0,53,50,3,0,0,53,17,33
2020,442,wt,N,0,0,0,12,6,6,0,0,12,0,6
2020,442,wt,R,0,0,0,84,47,37,0,0,84,14,34
2020,442,wt,SUM,0,0,0,96,53,42,0,0,96,14,40
2020,444,all_deer,N,0,0,0,87,44,43,0,14,72,18,26
2020,444,all_deer,R,0,0,0,596,332,257,7,45,551,95,237
2020,444,all_deer,SUM,0,0,0,682,376,300,7,59,623,112,263
2020,444,md,N,0,0,0,29,29,0,0,0,29,12,18
2020,444,md,R,0,0,0,142,132,10,0,3,139,48,84
2020,444,md,SUM,0,0,0,171,161,10,0,3,168,59,102
2020,444,wt,N,0,0,0,57,15,43,0,14,43,6,9
2020,444,wt,R,0,0,0,454,200,247,7,42,412,48,153
2020,444,wt,SUM,0,0,0,511,215,290,7,56,455,53,161
2020,445,all_deer,N,0,0,0,124,58,64,2,0,124,12,47
2020,445,all_deer,R,0,0,0,704,332,365,7,7,697,71,254
2020,445,all_deer,SUM,0,0,0,828,390,429,9,7,822,83,301
2020,445,md,N,0,0,0,38,38,0,0,0,38,9,29
2020,445,md,R,0,0,0,198,129,65,3,0,198,44,85
2020,445,md,SUM,0,0,0,236,167,65,3,0,236,53,114
2020,445,wt,N,0,0,0,87,20,64,2,0,87,3,18
2020,445,wt,R,0,0,0,506,203,300,3,7,500,27,169
2020,445,wt,SUM,0,0,0,593,223,364,6,7,586,30,187
2020,446,all_deer,N,0,0,0,119,85,34,0,9,110,18,67
2020,446,all_deer,R,0,0,0,303,190,113,0,24,279,68,119
2020,446,all_deer,SUM,0,0,0,422,274,148,0,32,390,85,186
2020,446,md,N,0,0,0,50,50,0,0,9,41,15,35
2020,446,md,R,0,0,0,95,95,0,0,17,78,37,58
2020,446,md,SUM,0,0,0,145,145,0,0,26,119,52,93
2020,446,wt,N,0,0,0,70,35,34,0,0,70,3,32
2020,446,wt,R,0,0,0,208,95,113,0,7,201,31,61
2020,446,wt,SUM,0,0,0,278,130,148,0,7,271,33,93
2020,447,all_deer,N,0,0,0,132,111,21,0,3,129,12,99
2020,447,all_deer,R,0,0,0,964,719,235,10,17,947,207,509
2020,447,all_deer,SUM,0,0,0,1096,830,256,10,20,1076,218,608
2020,447,md,N,0,0,0,86,79,7,0,0,86,12,67
2020,447,md,R,0,0,0,585,495,83,7,7,578,163,329
2020,447,md,SUM,0,0,0,670,574,90,7,7,663,174,396
2020,447,wt,N,0,0,0,46,32,14,0,3,44,0,32
2020,447,wt,R,0,0,0,379,224,152,3,10,369,44,180
2020,447,wt,SUM,0,0,0,426,256,167,3,13,413,44,212
2020,448,all_deer,N,0,0,0,47,38,9,0,6,41,18,20
2020,448,all_deer,R,0,0,0,129,71,58,0,3,126,24,47
2020,448,all_deer,SUM,0,0,0,175,109,66,0,9,166,41,68
2020,448,md,N,0,0,0,38,38,0,0,0,38,18,20
2020,448,md,R,0,0,0,95,54,41,0,0,95,20,34
2020,448,md,SUM,0,0,0,133,92,41,0,0,133,38,54
2020,448,wt,N,0,0,0,9,0,9,0,6,3,0,0
2020,448,wt,R,0,0,0,34,17,17,0,3,30,3,14
2020,448,wt,SUM,0,0,0,42,17,25,0,9,33,3,14
2020,450,all_deer,N,0,0,0,23,12,11,0,3,20,0,12
2020,450,all_deer,R,0,0,0,149,102,47,0,3,145,44,58
2020,450,all_deer,SUM,0,0,0,172,113,58,0,6,166,44,69
2020,450,md,N,0,0,0,9,9,0,0,3,6,0,9
2020,450,md,R,0,0,0,81,58,24,0,0,81,24,34
2020,450,md,SUM,0,0,0,90,66,24,0,3,87,24,43
2020,450,wt,N,0,0,0,14,3,11,0,0,14,0,3
2020,450,wt,R,0,0,0,67,44,23,0,3,64,20,24
2020,450,wt,SUM,0,0,0,82,47,35,0,3,78,20,27
2020,451,all_deer,N,0,0,0,6,6,0,0,3,3,3,3
2020,451,all_deer,R,0,0,0,30,20,10,0,0,30,7,14
2020,451,all_deer,SUM,0,0,0,36,26,10,0,3,33,10,17
2020,451,md,N,0,0,0,3,3,0,0,0,3,0,3
2020,451,md,R,0,0,0,7,7,0,0,0,7,3,3
2020,451,md,SUM,0,0,0,10,10,0,0,0,10,3,6
2020,451,wt,N,0,0,0,3,3,0,0,3,0,3,0
2020,451,wt,R,0,0,0,24,14,10,0,0,24,3,10
2020,451,wt,SUM,0,0,0,27,17,10,0,3,24,6,10
2020,452,all_deer,N,0,0,0,101,67,34,0,3,99,20,47
2020,452,all_deer,R,0,0,0,159,112,44,3,3,155,58,54
2020,452,all_deer,SUM,0,0,0,260,179,78,3,6,254,78,101
2020,452,md,N,0,0,0,47,41,6,0,3,44,15,26
2020,452,md,R,0,0,0,64,64,0,0,3,61,31,34
2020,452,md,SUM,0,0,0,111,105,6,0,6,105,45,60
2020,452,wt,N,0,0,0,55,26,29,0,0,55,6,20
2020,452,wt,R,0,0,0,94,47,44,3,0,94,27,20
2020,452,wt,SUM,0,0,0,149,74,72,3,0,149,33,41
2020,454,all_deer,N,0,0,0,57,54,3,0,9,48,35,19
2020,454,all_deer,R,0,0,0,101,85,17,0,0,101,48,37
2020,454,all_deer,SUM,0,0,0,158,139,20,0,9,149,83,56
2020,454,md,N,0,0,0,51,51,0,0,9,42,32,19
2020,454,md,R,0,0,0,54,51,3,0,0,54,37,14
2020,454,md,SUM,0,0,0,105,102,3,0,9,97,69,33
2020,454,wt,N,0,0,0,6,3,3,0,0,6,3,0
2020,454,wt,R,0,0,0,47,34,13,0,0,47,10,24
2020,454,wt,SUM,0,0,0,53,37,16,0,0,53,13,24
2020,455,all_deer,N,0,0,0,1,1,0,0,0,1,0,1
2020,455,all_deer,R,0,0,0,35,24,10,0,3,31,7,18
2020,455,all_deer,SUM,0,0,0,36,25,10,0,3,32,7,19
2020,455,md,N,0,0,0,0,0,0,0,0,0,0,0
2020,455,md,R,0,0,0,10,10,0,0,0,10,7,3
2020,455,md,SUM,0,0,0,10,10,0,0,0,10,7,3
2020,455,wt,N,0,0,0,1,1,0,0,0,1,0,1
2020,455,wt,R,0,0,0,25,15,10,0,3,21,0,15
2020,455,wt,SUM,0,0,0,26,16,10,0,3,22,0,16
2020,471,all_deer,N,0,0,0,81,73,8,0,3,78,12,61
2020,471,all_deer,R,0,0,0,418,364,53,0,12,406,80,285
2020,471,all_deer,SUM,0,0,0,498,437,61,0,15,484,91,346
2020,471,md,N,0,0,0,78,73,5,0,3,75,12,61
2020,471,md,R,0,0,0,375,341,35,0,12,363,73,268
2020,471,md,SUM,0,0,0,453,414,40,0,15,439,84,329
2020,471,wt,N,0,0,0,3,0,3,0,0,3,0,0
2020,471,wt,R,0,0,0,42,24,18,0,0,42,7,17
2020,471,wt,SUM,0,0,0,45,24,21,0,0,45,7,17
2020,4XX,all_deer,N,0,0,0,41,26,14,0,6,35,3,23
2020,4XX,all_deer,R,0,0,0,128,88,40,0,0,128,24,64
2020,4XX,all_deer,SUM,0,0,0,169,114,55,0,6,163,27,88
2020,4XX,md,N,0,0,0,15,15,0,0,3,12,3,12
2020,4XX,md,R,0,0,0,68,54,14,0,0,68,17,37
2020,4XX,md,SUM,0,0,0,82,69,14,0,3,79,20,49
2020,4XX,wt,N,0,0,0,26,12,14,0,3,23,0,12
2020,4XX,wt,R,0,0,0,61,34,27,0,0,61,7,27
2020,4XX,wt,SUM,0,0,0,87,46,41,0,3,84,7,39
2020,500,all_deer,N,0,0,0,104,81,24,0,3,101,18,63
2020,500,all_deer,R,0,0,0,1074,728,343,3,19,1055,324,404
2020,500,all_deer,SUM,0,0,0,1178,808,367,3,22,1156,342,467
2020,500,md,N,0,0,0,79,61,18,0,0,79,18,44
2020,500,md,R,0,0,0,830,589,238,3,14,816,294,295
2020,500,md,SUM,0,0,0,909,650,255,3,14,895,311,339
2020,500,wt,N,0,0,0,25,19,6,0,3,22,0,19
2020,500,wt,R,0,0,0,244,139,106,0,6,239,30,109
2020,500,wt,SUM,0,0,0,270,158,112,0,9,261,30,128
2020,502,all_deer,N,0,0,0,48,35,13,0,6,43,9,26
2020,502,all_deer,R,0,0,0,825,522,303,0,57,767,227,295
2020,502,all_deer,SUM,0,0,0,873,557,316,0,63,810,236,321
2020,502,md,N,0,0,0,29,26,3,0,6,23,9,18
2020,502,md,R,0,0,0,569,390,179,0,12,557,200,190
2020,502,md,SUM,0,0,0,599,416,182,0,18,580,209,207
2020,502,wt,N,0,0,0,19,9,10,0,0,19,0,9
2020,502,wt,R,0,0,0,255,132,123,0,45,211,27,105
2020,502,wt,SUM,0,0,0,274,141,133,0,45,230,27,114
2020,510,all_deer,N,0,0,0,16,12,4,0,0,16,6,6
2020,510,all_deer,R,0,0,0,178,119,52,7,0,178,41,78
2020,510,all_deer,SUM,0,0,0,193,130,56,7,0,193,47,84
2020,510,md,N,0,0,0,13,9,4,0,0,13,3,6
2020,510,md,R,0,0,0,141,98,37,7,0,141,34,64
2020,510,md,SUM,0,0,0,154,107,41,7,0,154,37,70
2020,510,wt,N,0,0,0,3,3,0,0,0,3,3,0
2020,510,wt,R,0,0,0,36,20,16,0,0,36,7,14
2020,510,wt,SUM,0,0,0,39,23,16,0,0,39,10,14
2020,511,all_deer,N,0,0,0,70,44,26,0,0,70,18,26
2020,511,all_deer,R,0,0,0,267,217,50,0,7,260,108,109
2020,511,all_deer,SUM,0,0,0,337,261,76,0,7,330,126,135
2020,511,md,N,0,0,0,24,23,1,0,0,24,6,18
2020,511,md,R,0,0,0,151,142,9,0,0,151,88,54
2020,511,md,SUM,0,0,0,176,166,10,0,0,176,94,72
2020,511,wt,N,0,0,0,46,20,25,0,0,46,12,9
2020,511,wt,R,0,0,0,115,75,41,0,7,109,20,54
2020,511,wt,SUM,0,0,0,161,95,66,0,7,154,32,63
2020,520,all_deer,N,0,0,0,81,41,41,0,0,81,6,35
2020,520,all_deer,R,0,0,0,676,411,263,3,49,628,139,272
2020,520,all_deer,SUM,0,0,0,758,451,304,3,49,709,145,307
2020,520,md,N,0,0,0,30,20,10,0,0,30,3,18
2020,520,md,R,0,0,0,242,183,59,0,10,232,88,95
2020,520,md,SUM,0,0,0,272,204,69,0,10,262,91,113
2020,520,wt,N,0,0,0,51,20,31,0,0,51,3,18
2020,520,wt,R,0,0,0,435,227,204,3,39,395,51,177
2020,520,wt,SUM,0,0,0,486,248,235,3,39,447,54,194
2020,530,all_deer,N,0,0,0,144,119,24,0,11,133,14,106
2020,530,all_deer,R,0,0,0,761,468,281,12,22,740,142,325
2020,530,all_deer,SUM,0,0,0,905,587,306,12,32,872,156,431
2020,530,md,N,0,0,0,93,78,15,0,8,85,14,64
2020,530,md,R,0,0,0,578,360,217,0,22,556,119,241
2020,530,md,SUM,0,0,0,670,438,232,0,30,641,133,306
2020,530,wt,N,0,0,0,51,41,10,0,3,48,0,41
2020,530,wt,R,0,0,0,184,107,64,12,0,184,24,84
2020,530,wt,SUM,0,0,0,234,149,74,12,3,232,24,125
2020,540,all_deer,N,0,0,0,47,47,0,0,3,44,15,32
2020,540,all_deer,R,0,0,0,233,156,77,0,0,233,64,88
2020,540,all_deer,SUM,0,0,0,280,203,77,0,3,277,79,120
2020,540,md,N,0,0,0,32,32,0,0,3,29,15,18
2020,540,md,R,0,0,0,138,109,29,0,0,138,58,48
2020,540,md,SUM,0,0,0,170,141,29,0,3,167,72,65
2020,540,wt,N,0,0,0,15,15,0,0,0,15,0,15
2020,540,wt,R,0,0,0,95,48,48,0,0,95,7,41
2020,540,wt,SUM,0,0,0,110,62,48,0,0,110,7,55
2020,560,all_deer,N,0,0,0,102,70,32,0,3,100,6,64
2020,560,all_deer,R,0,0,0,682,445,236,0,31,651,156,290
2020,560,all_deer,SUM,0,0,0,784,516,269,0,34,750,162,354
2020,560,md,N,0,0,0,44,44,0,0,3,41,3,41
2020,560,md,R,0,0,0,278,237,40,0,7,271,112,126
2020,560,md,SUM,0,0,0,321,281,40,0,10,312,115,166
2020,560,wt,N,0,0,0,59,26,32,0,0,59,3,23
2020,560,wt,R,0,0,0,404,208,196,0,24,380,44,164
2020,560,wt,SUM,0,0,0,463,234,228,0,24,439,47,187
2020,570,all_deer,N,0,0,0,147,117,30,0,12,135,23,94
2020,570,all_deer,R,0,0,0,700,481,208,10,17,683,129,353
2020,570,all_deer,SUM,0,0,0,846,598,238,10,29,818,152,446
2020,570,md,N,0,0,0,85,82,3,0,9,76,20,61
2020,570,md,R,0,0,0,331,268,57,7,3,328,85,183
2020,570,md,SUM,0,0,0,416,350,60,7,12,404,105,244
2020,570,wt,N,0,0,0,62,35,27,0,3,59,3,32
2020,570,wt,R,0,0,0,368,213,152,3,14,355,44,170
2020,570,wt,SUM,0,0,0,430,249,179,3,17,414,47,202
2020,575,all_deer,N,0,0,0,58,44,14,0,3,55,15,29
2020,575,all_deer,R,0,0,0,1258,715,542,0,72,1185,281,434
2020,575,all_deer,SUM,0,0,0,1316,759,557,0,75,1241,296,463
2020,575,md,N,0,0,0,49,35,14,0,0,49,15,20
2020,575,md,R,0,0,0,690,451,239,0,14,676,234,217
2020,575,md,SUM,0,0,0,739,486,253,0,14,725,249,237
2020,575,wt,N,0,0,0,9,9,0,0,3,6,0,9
2020,575,wt,R,0,0,0,568,265,304,0,58,510,48,217
2020,575,wt,SUM,0,0,0,577,273,304,0,61,516,48,226
2020,580,all_deer,N,0,0,0,244,161,83,0,6,238,35,126
2020,580,all_deer,R,0,0,0,687,348,336,3,6,681,92,256
2020,580,all_deer,SUM,0,0,0,931,508,419,3,11,919,127,382
2020,580,md,N,0,0,0,79,79,0,0,0,79,20,58
2020,580,md,R,0,0,0,145,112,34,0,2,143,44,68
2020,580,md,SUM,0,0,0,224,190,34,0,2,222,65,126
2020,580,wt,N,0,0,0,165,82,83,0,6,159,15,67
2020,580,wt,R,0,0,0,542,236,302,3,3,538,48,188
2020,580,wt,SUM,0,0,0,707,318,386,3,9,698,62,256
2020,590,all_deer,N,0,0,0,239,167,72,0,19,220,29,138
2020,590,all_deer,R,0,0,0,2203,1430,732,41,180,2022,420,1009
2020,590,all_deer,SUM,0,0,0,2442,1597,804,41,200,2242,450,1147
2020,590,md,N,0,0,0,134,114,19,0,12,122,26,88
2020,590,md,R,0,0,0,1367,1021,330,17,34,1333,346,675
2020,590,md,SUM,0,0,0,1501,1135,349,17,46,1455,372,763
2020,590,wt,N,0,0,0,106,53,53,0,8,98,3,50
2020,590,wt,R,0,0,0,835,409,402,24,146,689,75,334
2020,590,wt,SUM,0,0,0,941,462,455,24,154,787,78,384
2020,5XX,all_deer,N,0,0,0,25,12,13,0,0,25,0,12
2020,5XX,all_deer,R,0,0,0,73,31,42,0,12,60,10,20
2020,5XX,all_deer,SUM,0,0,0,97,42,55,0,12,85,10,32
2020,5XX,md,N,0,0,0,12,12,0,0,0,12,0,12
2020,5XX,md,R,0,0,0,24,24,0,0,0,24,10,14
2020,5XX,md,SUM,0,0,0,35,35,0,0,0,35,10,25
2020,5XX,wt,N,0,0,0,13,0,13,0,0,13,0,0
2020,5XX,wt,R,0,0,0,49,7,42,0,12,37,0,7
2020,5XX,wt,SUM,0,0,0,62,7,55,0,12,50,0,7
2020,600,all_deer,N,0,0,0,395,259,131,6,0,395,47,212
2020,600,all_deer,R,0,0,0,1508,968,530,10,24,1484,224,741
2020,600,all_deer,SUM,0,0,0,1902,1227,660,16,24,1879,271,953
2020,600,md,N,0,0,0,298,202,91,6,0,298,47,155
2020,600,md,R,0,0,0,983,673,307,3,3,980,190,483
2020,600,md,SUM,0,0,0,1281,874,397,9,3,1277,237,638
2020,600,wt,N,0,0,0,97,57,40,0,0,97,0,57
2020,600,wt,R,0,0,0,525,295,223,7,21,504,34,258
2020,600,wt,SUM,0,0,0,622,352,263,7,21,601,34,315
2020,620,all_deer,N,0,0,0,470,300,166,3,6,463,82,219
2020,620,all_deer,R,0,0,0,745,488,257,0,14,731,102,387
2020,620,all_deer,SUM,0,0,0,1215,789,423,3,21,1194,184,605
2020,620,md,N,0,0,0,396,277,116,3,3,393,79,198
2020,620,md,R,0,0,0,642,417,225,0,14,628,95,322
2020,620,md,SUM,0,0,0,1038,694,341,3,17,1020,174,520
2020,620,wt,N,0,0,0,74,23,50,0,3,71,3,20
2020,620,wt,R,0,0,0,103,71,32,0,0,103,7,64
2020,620,wt,SUM,0,0,0,177,95,83,0,3,174,10,85
2020,621,all_deer,N,0,0,0,205,161,44,0,3,202,50,111
2020,621,all_deer,R,0,0,0,324,261,63,0,7,317,85,176
2020,621,all_deer,SUM,0,0,0,529,422,107,0,10,519,134,287
2020,621,md,N,0,0,0,183,155,28,0,3,180,50,105
2020,621,md,R,0,0,0,300,237,63,0,3,297,85,153
2020,621,md,SUM,0,0,0,483,392,91,0,6,477,134,258
2020,621,wt,N,0,0,0,22,6,16,0,0,22,0,6
2020,621,wt,R,0,0,0,24,24,0,0,3,20,0,24
2020,621,wt,SUM,0,0,0,46,30,16,0,3,43,0,30
2020,622,all_deer,N,0,0,0,76,70,6,0,0,76,9,61
2020,622,all_deer,R,0,0,0,202,180,19,3,3,199,48,132
2020,622,all_deer,SUM,0,0,0,279,250,26,3,3,275,56,194
2020,622,md,N,0,0,0,73,67,6,0,0,73,9,58
2020,622,md,R,0,0,0,189,176,13,0,3,185,48,129
2020,622,md,SUM,0,0,0,262,244,19,0,3,259,56,187
2020,622,wt,N,0,0,0,3,3,0,0,0,3,0,3
2020,622,wt,R,0,0,0,14,3,7,3,0,14,0,3
2020,622,wt,SUM,0,0,0,17,6,7,3,0,17,0,6
2020,630,all_deer,N,0,0,0,600,390,210,0,10,590,83,304
2020,630,all_deer,R,0,0,0,891,509,333,49,76,815,88,421
2020,630,all_deer,SUM,0,0,0,1491,898,544,49,86,1405,171,725
2020,630,md,N,0,0,0,483,352,132,0,7,477,83,266
2020,630,md,R,0,0,0,464,346,118,0,0,464,58,288
2020,630,md,SUM,0,0,0,947,697,250,0,7,940,140,554
2020,630,wt,N,0,0,0,116,38,78,0,3,113,0,38
2020,630,wt,R,0,0,0,428,163,216,49,76,352,31,133
2020,630,wt,SUM,0,0,0,544,201,294,49,79,465,31,171
2020,631,all_deer,N,0,0,0,54,35,19,0,0,54,9,26
2020,631,all_deer,R,0,0,0,95,71,24,0,7,88,14,58
2020,631,all_deer,SUM,0,0,0,148,106,42,0,7,142,22,84
2020,631,md,N,0,0,0,47,32,15,0,0,47,6,26
2020,631,md,R,0,0,0,91,71,20,0,7,85,14,58
2020,631,md,SUM,0,0,0,139,103,35,0,7,132,19,84
2020,631,wt,N,0,0,0,6,3,3,0,0,6,3,0
2020,631,wt,R,0,0,0,3,0,3,0,0,3,0,0
2020,631,wt,SUM,0,0,0,10,3,7,0,0,10,3,0
2020,632,all_deer,N,0,0,0,124,105,19,0,3,121,12,94
2020,632,all_deer,R,0,0,0,135,112,23,0,0,135,27,85
2020,632,all_deer,SUM,0,0,0,259,217,42,0,3,256,39,178
2020,632,md,N,0,0,0,120,105,15,0,3,118,12,94
2020,632,md,R,0,0,0,125,102,23,0,0,125,27,75
2020,632,md,SUM,0,0,0,246,207,39,0,3,243,39,168
2020,632,wt,N,0,0,0,3,0,3,0,0,3,0,0
2020,632,wt,R,0,0,0,10,10,0,0,0,10,0,10
2020,632,wt,SUM,0,0,0,13,10,3,0,0,13,0,10
2020,640,all_deer,N,0,0,0,805,447,355,3,12,794,47,400
2020,640,all_deer,R,0,0,0,1615,1126,489,0,78,1537,163,963
2020,640,all_deer,SUM,0,0,0,2421,1573,844,3,90,2331,210,1363
2020,640,md,N,0,0,0,589,330,259,0,6,583,47,283
2020,640,md,R,0,0,0,1001,708,293,0,26,976,136,573
2020,640,md,SUM,0,0,0,1590,1038,552,0,32,1559,182,856
2020,640,wt,N,0,0,0,217,117,97,3,6,211,0,117
2020,640,wt,R,0,0,0,614,418,196,0,53,561,27,391
2020,640,wt,SUM,0,0,0,830,535,293,3,58,772,27,508
2020,650,all_deer,N,0,0,0,609,430,179,0,6,603,43,387
2020,650,all_deer,R,0,0,0,1705,1158,539,7,87,1618,223,936
2020,650,all_deer,SUM,0,0,0,2314,1588,719,7,93,2221,265,1323
2020,650,md,N,0,0,0,489,354,135,0,3,486,43,311
2020,650,md,R,0,0,0,1253,918,332,3,27,1226,192,726
2020,650,md,SUM,0,0,0,1742,1272,467,3,30,1712,235,1037
2020,650,wt,N,0,0,0,120,76,44,0,3,117,0,76
2020,650,wt,R,0,0,0,452,241,207,4,59,392,31,210
2020,650,wt,SUM,0,0,0,572,317,251,4,62,509,31,286
2020,652,all_deer,N,0,0,0,34,29,5,0,0,34,6,23
2020,652,all_deer,R,0,0,0,164,89,76,0,0,164,17,72
2020,652,all_deer,SUM,0,0,0,198,118,81,0,0,198,22,95
2020,652,md,N,0,0,0,28,23,5,0,0,28,6,17
2020,652,md,R,0,0,0,106,80,27,0,0,106,13,67
2020,652,md,SUM,0,0,0,135,103,32,0,0,135,19,84
2020,652,wt,N,0,0,0,6,6,0,0,0,6,0,6
2020,652,wt,R,0,0,0,58,9,49,0,0,58,3,6
2020,652,wt,SUM,0,0,0,64,15,49,0,0,64,3,11
2020,670,all_deer,N,0,0,0,1246,789,449,8,15,1232,82,707
2020,670,all_deer,R,0,0,0,1696,1024,650,22,63,1634,190,834
2020,670,all_deer,SUM,0,0,0,2943,1812,1100,31,77,2865,272,1540
2020,670,md,N,0,0,0,1078,678,392,8,9,1070,76,602
2020,670,md,R,0,0,0,1168,763,387,19,3,1165,166,596
2020,670,md,SUM,0,0,0,2247,1440,779,27,12,2235,242,1198
2020,670,wt,N,0,0,0,168,111,57,0,6,162,6,105
2020,670,wt,R,0,0,0,528,261,263,3,59,469,24,237
2020,670,wt,SUM,0,0,0,696,372,320,3,65,631,30,343
2020,690,all_deer,N,0,0,0,775,506,270,0,15,761,70,435
2020,690,all_deer,R,0,0,0,2170,1419,702,49,40,2130,293,1127
2020,690,all_deer,SUM,0,0,0,2945,1925,971,49,55,2891,363,1562
2020,690,md,N,0,0,0,542,430,113,0,15,528,67,362
2020,690,md,R,0,0,0,1690,1155,532,3,37,1654,248,907
2020,690,md,SUM,0,0,0,2232,1585,644,3,51,2181,316,1269
2020,690,wt,N,0,0,0,233,76,157,0,0,233,3,73
2020,690,wt,R,0,0,0,480,264,170,46,3,476,44,220
2020,690,wt,SUM,0,0,0,713,340,327,46,3,709,47,293
2020,6XX,all_deer,N,0,0,0,20,20,0,0,0,20,3,18
2020,6XX,all_deer,R,0,0,0,48,41,3,3,0,48,3,37
2020,6XX,all_deer,SUM,0,0,0,68,61,3,3,0,68,6,55
2020,6XX,md,N,0,0,0,20,20,0,0,0,20,3,18
2020,6XX,md,R,0,0,0,27,27,0,0,0,27,3,24
2020,6XX,md,SUM,0,0,0,48,48,0,0,0,48,6,41
2020,6XX,wt,R,0,0,0,20,14,3,3,0,20,0,14
2020,6XX,wt,SUM,0,0,0,20,14,3,3,0,20,0,14
2020,700,all_deer,N,0,0,0,1410,929,470,10,12,1398,177,752
2020,700,all_deer,R,0,0,0,2218,1138,1073,7,81,2137,238,900
2020,700,all_deer,SUM,0,0,0,3628,2067,1543,17,92,3535,415,1653
2020,700,md,N,0,0,0,1219,842,367,10,9,1210,171,670
2020,700,md,R,0,0,0,1674,892,778,3,47,1627,207,685
2020,700,md,SUM,0,0,0,2893,1733,1146,14,55,2837,378,1355
2020,700,wt,N,0,0,0,191,88,103,0,3,188,6,82
2020,700,wt,R,0,0,0,544,246,295,4,34,510,31,216
2020,700,wt,SUM,0,0,0,735,334,397,4,37,698,36,297
2020,701,all_deer,N,0,0,0,1057,760,297,0,18,1040,123,638
2020,701,all_deer,R,0,0,0,2572,1515,1047,10,65,2507,268,1243
2020,701,all_deer,SUM,0,0,0,3629,2275,1344,10,83,3547,391,1881
2020,701,md,N,0,0,0,851,652,199,0,6,845,114,538
2020,701,md,R,0,0,0,1396,952,437,7,10,1386,237,715
2020,701,md,SUM,0,0,0,2247,1604,636,7,16,2231,351,1253
2020,701,wt,N,0,0,0,206,108,98,0,12,194,9,99
2020,701,wt,R,0,0,0,1176,563,610,4,55,1121,31,528
2020,701,wt,SUM,0,0,0,1382,671,708,4,67,1316,39,628
2020,702,all_deer,N,0,0,0,577,444,133,0,18,559,67,377
2020,702,all_deer,R,0,0,0,1216,652,561,4,28,1189,170,482
2020,702,all_deer,SUM,0,0,0,1793,1096,694,4,45,1748,237,859
2020,702,md,N,0,0,0,478,391,86,0,15,463,67,324
2020,702,md,R,0,0,0,925,506,419,0,14,911,136,370
2020,702,md,SUM,0,0,0,1403,897,506,0,28,1374,203,694
2020,702,wt,N,0,0,0,99,53,47,0,3,96,0,53
2020,702,wt,R,0,0,0,291,146,141,4,14,277,34,112
2020,702,wt,SUM,0,0,0,390,199,188,4,17,374,34,165
2020,703,all_deer,N,0,0,0,1336,837,499,0,20,1315,143,694
2020,703,all_deer,R,0,0,0,2658,1668,976,14,75,2583,380,1284
2020,703,all_deer,SUM,0,0,0,3994,2505,1475,14,96,3898,523,1978
2020,703,md,N,0,0,0,1027,682,345,0,6,1021,131,551
2020,703,md,R,0,0,0,1628,1126,502,0,24,1604,302,824
2020,703,md,SUM,0,0,0,2656,1808,847,0,30,2626,434,1375
2020,703,wt,N,0,0,0,309,155,154,0,15,294,12,143
2020,703,wt,R,0,0,0,1030,542,474,14,51,979,78,461
2020,703,wt,SUM,0,0,0,1338,697,627,14,66,1273,90,604
2020,704,all_deer,N,0,0,0,2316,1615,698,3,110,2207,359,1253
2020,704,all_deer,R,0,0,0,1925,1241,684,0,91,1833,305,932
2020,704,all_deer,SUM,0,0,0,4241,2856,1382,3,201,4040,664,2185
2020,704,md,N,0,0,0,1902,1350,552,0,69,1833,350,996
2020,704,md,R,0,0,0,1285,858,428,0,53,1232,244,614
2020,704,md,SUM,0,0,0,3187,2207,980,0,122,3065,594,1610
2020,704,wt,N,0,0,0,414,266,146,3,41,374,9,257
2020,704,wt,R,0,0,0,640,383,257,0,38,601,61,318
2020,704,wt,SUM,0,0,0,1054,649,402,3,79,975,70,575
2020,705,all_deer,N,0,0,0,3227,1992,1232,3,105,3122,359,1622
2020,705,all_deer,R,0,0,0,2295,1227,1065,4,83,2212,265,962
2020,705,all_deer,SUM,0,0,0,5522,3219,2297,7,188,5334,624,2584
2020,705,md,N,0,0,0,2244,1414,830,0,47,2197,324,1079
2020,705,md,R,0,0,0,1307,772,536,0,24,1284,207,565
2020,705,md,SUM,0,0,0,3551,2186,1366,0,70,3481,531,1644
2020,705,wt,N,0,0,0,983,578,402,3,58,925,35,543
2020,705,wt,R,0,0,0,987,455,529,4,59,929,58,397
2020,705,wt,SUM,0,0,0,1971,1033,931,7,117,1853,93,940
2020,7XX,all_deer,N,0,0,0,68,37,31,0,0,68,6,31
2020,7XX,all_deer,R,0,0,0,41,27,14,0,0,41,7,20
2020,7XX,all_deer,SUM,0,0,0,110,64,46,0,0,110,13,52
2020,7XX,md,N,0,0,0,63,31,31,0,0,63,6,26
2020,7XX,md,R,0,0,0,20,20,0,0,0,20,7,14
2020,7XX,md,SUM,0,0,0,83,52,31,0,0,83,13,39
2020,7XX,wt,N,0,0,0,6,6,0,0,0,6,0,6
2020,7XX,wt,R,0,0,0,21,7,14,0,0,21,0,7
2020,7XX,wt,SUM,0,0,0,27,13,14,0,0,27,0,13
2020,Reg_1,all_deer,N,0,0,0,635,505,125,6,30,605,125,380
2020,Reg_1,all_deer,R,0,0,0,9754,7319,2407,28,438,9316,2925,4387
2020,Reg_1,all_deer,SUM,0,0,0,10389,7823,2532,33,469,9920,3051,4766
2020,Reg_1,md,N,0,0,0,83,73,10,0,0,83,15,58
2020,Reg_1,md,R,0,0,0,829,782,47,0,17,812,397,385
2020,Reg_1,md,SUM,0,0,0,912,855,57,0,17,895,411,444
2020,Reg_1,wt,N,0,0,0,552,432,115,6,30,522,111,321
2020,Reg_1,wt,R,0,0,0,8925,6537,2361,28,421,8504,2529,4001
2020,Reg_1,wt,SUM,0,0,0,9477,6968,2475,33,452,9025,2639,4322
2020,Reg_2,all_deer,N,0,0,0,514,374,141,0,49,465,130,244
2020,Reg_2,all_deer,R,0,0,0,8475,5866,2574,35,1293,7182,2272,3584
2020,Reg_2,all_deer,SUM,0,0,0,8989,6239,2715,35,1342,7648,2402,3827
2020,Reg_2,md,N,0,0,0,138,129,10,0,3,135,58,71
2020,Reg_2,md,R,0,0,0,1464,1184,280,0,112,1351,529,654
2020,Reg_2,md,SUM,0,0,0,1602,1313,289,0,115,1487,587,725
2020,Reg_2,wt,N,0,0,0,376,245,131,0,46,330,72,173
2020,Reg_2,wt,R,0,0,0,7011,4682,2294,35,1180,5831,1743,2929
2020,Reg_2,wt,SUM,0,0,0,7387,4927,2426,35,1226,6161,1814,3102
2020,Reg_3,all_deer,N,0,0,0,2290,1433,838,20,224,2067,547,864
2020,Reg_3,all_deer,R,0,0,0,14429,8585,5789,55,1021,13408,3546,5012
2020,Reg_3,all_deer,SUM,0,0,0,16719,10018,6627,75,1245,15474,4093,5876
2020,Reg_3,md,N,0,0,0,1099,921,175,3,82,1017,451,470
2020,Reg_3,md,R,0,0,0,6089,4736,1332,21,337,5751,2637,2099
2020,Reg_3,md,SUM,0,0,0,7187,5657,1506,24,419,6768,3088,2569
2020,Reg_3,wt,N,0,0,0,1192,512,663,17,142,1049,96,394
2020,Reg_3,wt,R,0,0,0,8340,3849,4458,34,684,7657,909,2913
2020,Reg_3,wt,SUM,0,0,0,9532,4361,5120,51,826,8706,1005,3307
2020,Reg_4,all_deer,N,0,0,0,3234,2403,829,2,146,3088,541,1862
2020,Reg_4,all_deer,R,0,0,0,15829,10875,4836,118,474,15355,3204,7654
2020,Reg_4,all_deer,SUM,0,0,0,19063,13278,5664,120,620,18443,3746,9516
2020,Reg_4,md,N,0,0,0,2008,1859,149,0,64,1943,477,1382
2020,Reg_4,md,R,0,0,0,8430,6773,1606,51,179,8251,2356,4410
2020,Reg_4,md,SUM,0,0,0,10437,8631,1755,51,243,10194,2833,5792
2020,Reg_4,wt,N,0,0,0,1227,545,680,2,82,1145,64,480
2020,Reg_4,wt,R,0,0,0,7399,4103,3230,67,295,7104,849,3244
2020,Reg_4,wt,SUM,0,0,0,8626,4647,3909,69,377,8249,913,3724
2020,Reg_5,all_deer,N,0,0,0,1325,948,377,0,65,1260,192,756
2020,Reg_5,all_deer,R,0,0,0,9614,6069,3465,80,472,9142,2134,3931
2020,Reg_5,all_deer,SUM,0,0,0,10940,7017,3843,80,537,10402,2326,4688
2020,Reg_5,md,N,0,0,0,702,616,87,0,40,662,151,465
2020,Reg_5,md,R,0,0,0,5484,3983,1467,34,118,5366,1711,2269
2020,Reg_5,md,SUM,0,0,0,6186,4599,1553,34,158,6028,1862,2733
2020,Reg_5,wt,N,0,0,0,623,332,291,0,25,598,41,291
2020,Reg_5,wt,R,0,0,0,4131,2086,1999,46,355,3776,423,1663
2020,Reg_5,wt,SUM,0,0,0,4754,2418,2289,46,380,4374,464,1954
2020,Reg_6,all_deer,N,0,0,0,5413,3539,1853,20,68,5344,540,2996
2020,Reg_6,all_deer,R,0,0,0,11299,7446,3709,145,399,10900,1474,5968
2020,Reg_6,all_deer,SUM,0,0,0,16711,10985,5562,165,468,16244,2014,8964
2020,Reg_6,md,N,0,0,0,4348,3024,1307,17,48,4300,526,2496
2020,Reg_6,md,R,0,0,0,8040,5673,2339,29,124,7916,1274,4398
2020,Reg_6,md,SUM,0,0,0,12388,8696,3646,46,172,12216,1800,6894
2020,Reg_6,wt,N,0,0,0,1065,516,546,3,21,1044,15,501
2020,Reg_6,wt,R,0,0,0,3259,1773,1370,115,275,2984,200,1570
2020,Reg_6,wt,SUM,0,0,0,4323,2289,1916,119,296,4028,215,2070
2020,Reg_7,all_deer,N,0,0,0,9991,6615,3360,16,282,9709,1234,5368
2020,Reg_7,all_deer,R,0,0,0,12925,7466,5420,39,423,12502,1631,5825
2020,Reg_7,all_deer,SUM,0,0,0,22916,14081,8780,55,705,22212,2865,11192
2020,Reg_7,md,N,0,0,0,7783,5362,2411,10,151,7633,1164,4185
2020,Reg_7,md,R,0,0,0,8236,5125,3100,10,171,8064,1340,3786
2020,Reg_7,md,SUM,0,0,0,16019,10487,5511,21,322,15697,2504,7971
2020,Reg_7,wt,N,0,0,0,2208,1253,949,6,131,2076,70,1183
2020,Reg_7,wt,R,0,0,0,4689,2341,2319,29,251,4438,292,2039
2020,Reg_7,wt,SUM,0,0,0,6897,3594,3269,35,383,6514,362,3222
2020,Reg_X,all_deer,N,28393,0,0,9,9,0,0,0,9,9,0
2020,Reg_X,all_deer,R,121949,0,0,27,17,7,3,0,27,3,14
2020,Reg_X,all_deer,SUM,150343,0,0,36,26,7,3,0,36,12,14
2020,Reg_X,md,N,28393,0,0,9,9,0,0,0,9,9,0
2020,Reg_X,md,R,121949,0,0,10,10,0,0,0,10,3,7
2020,Reg_X,md,SUM,150343,0,0,19,19,0,0,0,19,12,7
2020,Reg_X,wt,R,121949,0,0,17,7,7,3,0,17,0,7
2020,Reg_X,wt,SUM,150343,0,0,17,7,7,3,0,17,0,7
2020,State,all_deer,N,28393,0,0,23412,15825,7522,64,865,22547,3317,12469
2020,State,all_deer,R,121949,0,0,82351,53642,28207,502,4519,77832,17191,36374
2020,State,all_deer,SUM,150343,0,0,105763,69468,35729,566,5384,100379,20508,48843
2020,State,md,N,28393,0,0,16170,11992,4148,30,387,15783,2850,9126
2020,State,md,R,121949,0,0,38581,28266,10170,145,1059,37522,10247,18009
2020,State,md,SUM,150343,0,0,54751,40258,14318,175,1446,53305,13097,27135
2020,State,wt,N,28393,0,0,7241,3833,3374,34,478,6763,467,3343
2020,State,wt,R,121949,0,0,43771,25377,18037,357,3461,40310,6944,18365
2020,State,wt,SUM,150343,0,0,51012,29210,21411,391,3939,47074,7412,21708
2020,XXX,all_deer,N,28393,0,0,9,9,0,0,0,9,9,0
2020,XXX,all_deer,R,121949,0,0,27,17,7,3,0,27,3,14
2020,XXX,all_deer,SUM,150343,0,0,36,26,7,3,0,36,12,14
2020,XXX,md,N,28393,0,0,9,9,0,0,0,9,9,0
2020,XXX,md,R,121949,0,0,10,10,0,0,0,10,3,7
2020,XXX,md,SUM,150343,0,0,19,19,0,0,0,19,12,7
2020,XXX,wt,R,121949,0,0,17,7,7,3,0,17,0,7
2020,XXX,wt,SUM,150343,0,0,17,7,7,3,0,17,0,7