Name,Price,Payout,Probability
"Baby, It's Cold Outside!",1,1,0.1150747986191024
"Baby, It's Cold Outside!",1,2,0.045351473922902494
"Baby, It's Cold Outside!",1,5,0.014777597162701344
"Baby, It's Cold Outside!",1,10,0.0074443534579021805
"Baby, It's Cold Outside!",1,10,0.0074443534579021805
"Baby, It's Cold Outside!",1,20,9.99000999000999e-4
"Baby, It's Cold Outside!",1,20,9.99000999000999e-4
"Baby, It's Cold Outside!",1,40,4.997501249375312e-4
"Baby, It's Cold Outside!",1,40,2.4993751562109475e-4
"Baby, It's Cold Outside!",1,100,1.999600079984003e-4
"Baby, It's Cold Outside!",1,100,1.4997742839702624e-4
"Baby, It's Cold Outside!",1,1500,1.4285510206997042e-5
"Baby, It's Cold Outside!",1,0,0.8067955107943263
Holiday Double Win,2,2,0.141643059490085
Holiday Double Win,2,4,0.0196078431372549
Holiday Double Win,2,4,0.0196078431372549
Holiday Double Win,2,10,0.009900990099009901
Holiday Double Win,2,10,0.004975124378109453
Holiday Double Win,2,20,0.0024937655860349127
Holiday Double Win,2,20,7.494397937541688e-4
Holiday Double Win,2,50,9.99000999000999e-4
Holiday Double Win,2,50,4.997501249375312e-4
Holiday Double Win,2,100,4.997501249375312e-4
Holiday Double Win,2,100,7.494397937541688e-4
Holiday Double Win,2,100,2.4993751562109475e-4
Holiday Double Win,2,1000,1.999960000799984e-5
Holiday Double Win,2,1000,9.99990000099999e-6
Holiday Double Win,2,12000,1.999960000799984e-5
Holiday Double Win,2,0,0.7979740567202285
White Elephant,1,1,0.12285012285012284
White Elephant,1,2,0.0196078431372549
White Elephant,1,2,0.0196078431372549
White Elephant,1,5,0.014777597162701344
White Elephant,1,10,0.004975124378109453
White Elephant,1,10,0.004975124378109453
White Elephant,1,15,0.004975124378109453
White Elephant,1,20,7.494397937541688e-4
White Elephant,1,20,4.997501249375312e-4
White Elephant,1,50,8.99191626727572e-4
White Elephant,1,50,1.999600079984003e-4
White Elephant,1,100,9.999000099990002e-5
White Elephant,1,100,4.999750012499375e-5
White Elephant,1,1000,1.4285510206997042e-5
White Elephant,1,0,0.8057186060135881
Cash Flurries,5,5,0.14903129657228018
Cash Flurries,5,10,0.038461538461538464
Cash Flurries,5,10,0.009900990099009901
Cash Flurries,5,15,0.014777597162701344
Cash Flurries,5,15,0.009900990099009901
Cash Flurries,5,25,0.0024937655860349127
Cash Flurries,5,25,0.0018715026294611943
Cash Flurries,5,25,0.0012484394506866417
Cash Flurries,5,50,0.00373594351253409
Cash Flurries,5,50,2.4993751562109475e-4
Cash Flurries,5,50,2.4993751562109475e-4
Cash Flurries,5,75,2.4993751562109475e-4
Cash Flurries,5,75,7.494397937541688e-4
Cash Flurries,5,75,7.494397937541688e-4
Cash Flurries,5,75,1.2498437695288088e-4
Cash Flurries,5,150,2.4993751562109475e-4
Cash Flurries,5,150,1.2498437695288088e-4
Cash Flurries,5,150,2.4993751562109475e-4
Cash Flurries,5,150,1.2498437695288088e-4
Cash Flurries,5,300,2.4993751562109475e-4
Cash Flurries,5,300,1.2498437695288088e-4
Cash Flurries,5,500,3.1249023468016625e-5
Cash Flurries,5,500,6.249960937744139e-6
Cash Flurries,5,1000,3.1249023468016625e-5
Cash Flurries,5,1000,6.249960937744139e-6
Cash Flurries,5,5000,6.249960937744139e-6
Cash Flurries,5,75000,1.24998437519531e-5
Cash Flurries,5,0,0.7649857464641957
S'More Slingo,3,3,0.09910802775024777
S'More Slingo,3,3,0.01639344262295082
S'More Slingo,3,3,0.047619047619047616
S'More Slingo,3,4,0.01639344262295082
S'More Slingo,3,5,0.01639344262295082
S'More Slingo,3,6,0.01639344262295082
S'More Slingo,3,9,0.0033222591362126247
S'More Slingo,3,9,0.006622516556291391
S'More Slingo,3,10,0.006622516556291391
S'More Slingo,3,12,0.0033222591362126247
S'More Slingo,3,12,0.0033222591362126247
S'More Slingo,3,25,0.0033222591362126247
S'More Slingo,3,33,0.00398406374501992
S'More Slingo,3,35,0.0036532349395389614
S'More Slingo,3,40,6.662225183211193e-4
S'More Slingo,3,50,0.0033222591362126247
S'More Slingo,3,50,4.997501249375312e-4
S'More Slingo,3,100,5.555246930726071e-5
S'More Slingo,3,500,5.555246930726071e-5
S'More Slingo,3,1000,1.1110987655692714e-5
S'More Slingo,3,30000,1.1110987655692714e-5
S'More Slingo,3,0,0.7489062271035121
Bubble Bingo,3,3,0.1044932079414838
Bubble Bingo,3,5,0.07692307692307693
Bubble Bingo,3,9,0.0033222591362126247
Bubble Bingo,3,12,0.0033222591362126247
Bubble Bingo,3,14,0.0033222591362126247
Bubble Bingo,3,15,0.0033222591362126247
Bubble Bingo,3,20,0.006622516556291391
Bubble Bingo,3,20,0.0033222591362126247
Bubble Bingo,3,30,3.332222592469177e-4
Bubble Bingo,3,30,0.0023279093046534908
Bubble Bingo,3,50,0.0023279093046534908
Bubble Bingo,3,50,3.332222592469177e-4
Bubble Bingo,3,50,0.0021619751805249275
Bubble Bingo,3,75,3.332222592469177e-4
Bubble Bingo,3,100,3.332222592469177e-4
Bubble Bingo,3,150,3.332222592469177e-4
Bubble Bingo,3,200,9.999000099990002e-5
Bubble Bingo,3,500,9.999000099990002e-5
Bubble Bingo,3,1000,1.1110987655692714e-5
Bubble Bingo,3,30000,1.1110987655692714e-5
Bubble Bingo,3,0,0.7866437958347071
Big Bucks,1,1,0.1150747986191024
Big Bucks,1,2,0.029129041654529567
Big Bucks,1,2,0.0196078431372549
Big Bucks,1,5,0.014777597162701344
Big Bucks,1,10,0.004975124378109453
Big Bucks,1,10,0.004975124378109453
Big Bucks,1,15,0.0024937655860349127
Big Bucks,1,15,0.0024937655860349127
Big Bucks,1,20,0.0012484394506866417
Big Bucks,1,20,7.494397937541688e-4
Big Bucks,1,50,2.4993751562109475e-4
Big Bucks,1,50,1.4997742839702624e-4
Big Bucks,1,100,1.999600079984003e-4
Big Bucks,1,100,4.999750012499375e-5
Big Bucks,1,1000,1.24998437519531e-5
Big Bucks,1,0,0.8038126879577888
Ca$h Time,1,1,0.1303780964797914
Ca$h Time,1,2,0.029129041654529567
Ca$h Time,1,10,0.009900990099009901
Ca$h Time,1,10,0.004975124378109453
Ca$h Time,1,20,0.004975124378109453
Ca$h Time,1,20,0.004975124378109453
Ca$h Time,1,100,4.999750012499375e-5
Ca$h Time,1,100,2.499937501562461e-5
Ca$h Time,1,1500,8.333263889467588e-6
Ca$h Time,1,0,0.8155831684933107
Lucky Dog,1,1,0.1150747986191024
Lucky Dog,1,2,0.029129041654529567
Lucky Dog,1,2,0.0196078431372549
Lucky Dog,1,5,0.014777597162701344
Lucky Dog,1,10,0.004975124378109453
Lucky Dog,1,10,0.004975124378109453
Lucky Dog,1,15,0.0024937655860349127
Lucky Dog,1,15,0.0024937655860349127
Lucky Dog,1,20,0.0012484394506866417
Lucky Dog,1,20,7.494397937541688e-4
Lucky Dog,1,50,2.4993751562109475e-4
Lucky Dog,1,50,1.4997742839702624e-4
Lucky Dog,1,100,1.999600079984003e-4
Lucky Dog,1,100,4.999750012499375e-5
Lucky Dog,1,1000,1.24998437519531e-5
Lucky Dog,1,0,0.8038126879577888
Cherry Doubler,1,1,0.12285012285012284
Cherry Doubler,1,2,0.0196078431372549
Cherry Doubler,1,2,0.0196078431372549
Cherry Doubler,1,5,0.014777597162701344
Cherry Doubler,1,10,0.004975124378109453
Cherry Doubler,1,10,0.004975124378109453
Cherry Doubler,1,15,0.004975124378109453
Cherry Doubler,1,20,6.995110417817946e-4
Cherry Doubler,1,20,4.997501249375312e-4
Cherry Doubler,1,50,8.492785378820691e-4
Cherry Doubler,1,50,1.999600079984003e-4
Cherry Doubler,1,100,9.999000099990002e-5
Cherry Doubler,1,100,4.999750012499375e-5
Cherry Doubler,1,2000,8.333263889467588e-6
Cherry Doubler,1,0,0.8058244001007235
Super Hot 7's,1,1,0.1150747986191024
Super Hot 7's,1,2,0.038461538461538464
Super Hot 7's,1,2,0.038461538461538464
Super Hot 7's,1,7,0.012345679012345678
Super Hot 7's,1,7,0.012345679012345678
Super Hot 7's,1,17,0.0024937655860349127
Super Hot 7's,1,17,0.0024937655860349127
Super Hot 7's,1,27,4.997501249375312e-4
Super Hot 7's,1,27,4.997501249375312e-4
Super Hot 7's,1,70,1.2498437695288088e-4
Super Hot 7's,1,7777,6.944396219470698e-6
Super Hot 7's,1,0,0.7771918062380121
3-2-Won!,1,1,0.12285012285012284
3-2-Won!,1,2,0.0196078431372549
3-2-Won!,1,2,0.0196078431372549
3-2-Won!,1,5,0.014777597162701344
3-2-Won!,1,10,0.004975124378109453
3-2-Won!,1,10,0.004975124378109453
3-2-Won!,1,15,0.0024937655860349127
3-2-Won!,1,15,0.0024937655860349127
3-2-Won!,1,20,6.995110417817946e-4
3-2-Won!,1,20,4.997501249375312e-4
3-2-Won!,1,50,8.492785378820691e-4
3-2-Won!,1,50,1.999600079984003e-4
3-2-Won!,1,100,9.999000099990002e-5
3-2-Won!,1,100,4.999750012499375e-5
3-2-Won!,1,1500,9.0908264470323e-6
3-2-Won!,1,0,0.8058112357442055
Gnome Me The Money,1,1,0.1150747986191024
Gnome Me The Money,1,2,0.0543773790103317
Gnome Me The Money,1,5,0.014777597162701344
Gnome Me The Money,1,10,0.004975124378109453
Gnome Me The Money,1,10,0.004975124378109453
Gnome Me The Money,1,20,0.00149774589243189
Gnome Me The Money,1,20,7.494397937541688e-4
Gnome Me The Money,1,40,5.996390173115784e-4
Gnome Me The Money,1,40,7.494397937541688e-4
Gnome Me The Money,1,100,2.4993751562109475e-4
Gnome Me The Money,1,100,2.4993751562109475e-4
Gnome Me The Money,1,1000,9.0908264470323e-6
Gnome Me The Money,1,0,0.8017147460967047
Lucky Roll,1,1,0.1150747986191024
Lucky Roll,1,2,0.05213764337851929
Lucky Roll,1,5,0.009900990099009901
Lucky Roll,1,10,0.004975124378109453
Lucky Roll,1,10,0.004975124378109453
Lucky Roll,1,20,0.0017469384902957569
Lucky Roll,1,20,9.99000999000999e-4
Lucky Roll,1,40,0.0017469384902957569
Lucky Roll,1,40,4.997501249375312e-4
Lucky Roll,1,100,2.4993751562109475e-4
Lucky Roll,1,2000,9.0908264470323e-6
Lucky Roll,1,0,0.8076846627005514
Lucky Spot,1,1,0.1150747986191024
Lucky Spot,1,2,0.029129041654529567
Lucky Spot,1,2,0.0196078431372549
Lucky Spot,1,5,0.009900990099009901
Lucky Spot,1,5,0.009900990099009901
Lucky Spot,1,10,0.0024937655860349127
Lucky Spot,1,10,0.0024937655860349127
Lucky Spot,1,20,0.0029910567403463647
Lucky Spot,1,20,0.0029910567403463647
Lucky Spot,1,20,0.00149774589243189
Lucky Spot,1,50,2.9991032681228315e-4
Lucky Spot,1,50,2.9991032681228315e-4
Lucky Spot,1,100,4.999750012499375e-5
Lucky Spot,1,1000,1.36361783083039e-5
Lucky Spot,1,0,0.803255491513841
Merry Christmas,1,1,0.13793103448275862
Merry Christmas,1,1,0.045351473922902494
Merry Christmas,1,5,0.014777597162701344
Merry Christmas,1,10,0.0074443534579021805
Merry Christmas,1,10,0.0074443534579021805
Merry Christmas,1,20,9.490997788597514e-4
Merry Christmas,1,20,9.49667616334283e-4
Merry Christmas,1,40,2.4993751562109475e-4
Merry Christmas,1,40,2.4993751562109475e-4
Merry Christmas,1,100,1.2498437695288088e-4
Merry Christmas,1,100,1.2498437695288088e-4
Merry Christmas,1,1000,1.666638889351844e-5
Merry Christmas,1,0,0.7843859099465977
Snow Days,1,1,0.12285012285012284
Snow Days,1,2,0.0196078431372549
Snow Days,1,2,0.0196078431372549
Snow Days,1,5,0.014777597162701344
Snow Days,1,10,0.004975124378109453
Snow Days,1,10,0.004975124378109453
Snow Days,1,15,0.0024937655860349127
Snow Days,1,15,0.0024937655860349127
Snow Days,1,20,9.99000999000999e-4
Snow Days,1,20,7.494397937541688e-4
Snow Days,1,50,2.4993751562109475e-4
Snow Days,1,50,2.4993751562109475e-4
Snow Days,1,100,4.999750012499375e-5
Snow Days,1,100,4.999750012499375e-5
Snow Days,1,1500,1.666638889351844e-5
Snow Days,1,0,0.8058538365712364
E-I-E-I DOUGH,1,1,0.1150747986191024
E-I-E-I DOUGH,1,2,0.05213764337851929
E-I-E-I DOUGH,1,5,0.009900990099009901
E-I-E-I DOUGH,1,10,0.004975124378109453
E-I-E-I DOUGH,1,10,0.004975124378109453
E-I-E-I DOUGH,1,20,0.001996007984031936
E-I-E-I DOUGH,1,20,9.99000999000999e-4
E-I-E-I DOUGH,1,50,0.0013481813034216842
E-I-E-I DOUGH,1,50,3.498778926154772e-4
E-I-E-I DOUGH,1,100,3.498778926154772e-4
E-I-E-I DOUGH,1,1000,9.0908264470323e-6
E-I-E-I DOUGH,1,0,0.8078842822490169
Crossword Express,1,1,0.1597444089456869
Crossword Express,1,3,0.038461538461538464
Crossword Express,1,12,0.0196078431372549
Crossword Express,1,40,1.4997742839702624e-4
Crossword Express,1,1000,9.0908264470323e-6
Crossword Express,1,0,0.7820271412006756
Cash Dash,1,1,0.1150747986191024
Cash Dash,1,2,0.05213764337851929
Cash Dash,1,5,0.009900990099009901
Cash Dash,1,10,0.009900990099009901
Cash Dash,1,20,0.002244971264367816
Cash Dash,1,50,9.99000999000999e-4
Cash Dash,1,100,7.494397937541688e-4
Cash Dash,1,2000,9.0908264470323e-6
Cash Dash,1,0,0.8089830749207885
Fast Money,1,1,0.12285012285012284
Fast Money,1,2,0.0196078431372549
Fast Money,1,2,0.0196078431372549
Fast Money,1,5,0.014777597162701344
Fast Money,1,10,0.004975124378109453
Fast Money,1,10,0.004975124378109453
Fast Money,1,15,0.0024937655860349127
Fast Money,1,15,0.0024937655860349127
Fast Money,1,20,0.00149774589243189
Fast Money,1,20,4.997501249375312e-4
Fast Money,1,50,5.496982156795919e-4
Fast Money,1,50,2.4993751562109475e-4
Fast Money,1,100,9.999000099990002e-5
Fast Money,1,100,4.999750012499375e-5
Fast Money,1,1500,9.0908264470323e-6
Fast Money,1,0,0.8052626037081352
Moose Money,1,1,0.1150747986191024
Moose Money,1,2,0.05213764337851929
Moose Money,1,5,0.009900990099009901
Moose Money,1,10,0.009900990099009901
Moose Money,1,20,0.0024937655860349127
Moose Money,1,50,0.0010987924271225922
Moose Money,1,100,7.494397937541688e-4
Moose Money,1,1000,9.0908264470323e-6
Moose Money,1,0,0.8086344891709998
Bingo Gold,2,2,0.09090909090909091
Bingo Gold,2,4,0.09090909090909091
Bingo Gold,2,10,0.005964096141229797
Bingo Gold,2,10,0.00398406374501992
Bingo Gold,2,20,0.001996007984031936
Bingo Gold,2,20,0.001996007984031936
Bingo Gold,2,20,0.001996007984031936
Bingo Gold,2,50,0.0013315579227696406
Bingo Gold,2,50,0.0013315579227696406
Bingo Gold,2,50,0.0013315579227696406
Bingo Gold,2,100,3.332222592469177e-4
Bingo Gold,2,100,3.332222592469177e-4
Bingo Gold,2,100,2.6659557451346307e-4
Bingo Gold,2,1000,4.166649305627893e-6
Bingo Gold,2,1000,4.166649305627893e-6
Bingo Gold,2,12000,8.333263889467588e-6
Bingo Gold,2,0,0.7973012539196557
King Crossword,2,2,0.10515247108307045
King Crossword,2,4,0.10111223458038422
King Crossword,2,10,0.01719986240110079
King Crossword,2,20,0.004975124378109453
King Crossword,2,50,9.99000999000999e-4
King Crossword,2,100,6.995110417817946e-4
King Crossword,2,1000,8.333263889467588e-6
King Crossword,2,12000,1.24998437519531e-5
King Crossword,2,0,0.7698409624089109
Big Top Bingo,2,2,0.09090909090909091
Big Top Bingo,2,4,0.09090909090909091
Big Top Bingo,2,10,0.005964096141229797
Big Top Bingo,2,10,0.00398406374501992
Big Top Bingo,2,20,0.001996007984031936
Big Top Bingo,2,20,0.001996007984031936
Big Top Bingo,2,20,0.001996007984031936
Big Top Bingo,2,50,0.0013315579227696406
Big Top Bingo,2,50,0.0013315579227696406
Big Top Bingo,2,50,0.0013315579227696406
Big Top Bingo,2,100,3.332222592469177e-4
Big Top Bingo,2,100,1.6663889351774705e-4
Big Top Bingo,2,100,1.6663889351774705e-4
Big Top Bingo,2,1000,4.761882086275779e-6
Big Top Bingo,2,1000,4.761882086275779e-6
Big Top Bingo,2,12000,9.523718821725508e-6
Big Top Bingo,2,0,0.797565413045887
"$14,000 Montana Crossword",2,2,0.1303780964797914
"$14,000 Montana Crossword",2,4,0.08257638315441784
"$14,000 Montana Crossword",2,10,0.0196078431372549
"$14,000 Montana Crossword",2,20,0.009900990099009901
"$14,000 Montana Crossword",2,50,0.0017469384902957569
"$14,000 Montana Crossword",2,100,3.498778926154772e-4
"$14,000 Montana Crossword",2,1000,5.17238712855601e-6
"$14,000 Montana Crossword",2,14000,5.17238712855601e-6
"$14,000 Montana Crossword",2,0,0.7554295259723576
Sunshine Crossword,2,2,0.10515247108307045
Sunshine Crossword,2,4,0.10111223458038422
Sunshine Crossword,2,10,0.01719986240110079
Sunshine Crossword,2,20,0.004975124378109453
Sunshine Crossword,2,50,0.00149774589243189
Sunshine Crossword,2,100,9.99000999000999e-4
Sunshine Crossword,2,1000,1.24998437519531e-5
Sunshine Crossword,2,12000,8.333263889467588e-6
Sunshine Crossword,2,0,0.7690427275582608
Double Match,2,2,0.14534883720930233
Double Match,2,4,0.0196078431372549
Double Match,2,4,0.009900990099009901
Double Match,2,10,0.009900990099009901
Double Match,2,10,0.009900990099009901
Double Match,2,25,0.0034168175761096113
Double Match,2,25,2.8563267637817766e-4
Double Match,2,25,4.283884455068478e-4
Double Match,2,25,4.283884455068478e-4
Double Match,2,50,5.711022272986865e-4
Double Match,2,50,0.002849002849002849
Double Match,2,50,5.711022272986865e-4
Double Match,2,100,7.137758743754461e-4
Double Match,2,100,5.711022272986865e-4
Double Match,2,100,2.8570612268220908e-5
Double Match,2,100,2.8570612268220908e-5
Double Match,2,100,2.8570612268220908e-5
Double Match,2,1000,9.523718821725508e-6
Double Match,2,1000,4.761882086275779e-6
Double Match,2,12000,9.523718821725508e-6
Double Match,2,0,0.7953955156511028
Deluxe Super Hot 7's,2,2,0.1869158878504673
Deluxe Super Hot 7's,2,7,0.0196078431372549
Deluxe Super Hot 7's,2,7,0.0196078431372549
Deluxe Super Hot 7's,2,17,0.004975124378109453
Deluxe Super Hot 7's,2,17,0.004975124378109453
Deluxe Super Hot 7's,2,27,0.0012484394506866417
Deluxe Super Hot 7's,2,27,9.99000999000999e-4
Deluxe Super Hot 7's,2,27,9.99000999000999e-4
Deluxe Super Hot 7's,2,70,5.996390173115784e-4
Deluxe Super Hot 7's,2,70,4.997501249375312e-4
Deluxe Super Hot 7's,2,77,0.00149774589243189
Deluxe Super Hot 7's,2,700,5.9999638802174406e-6
Deluxe Super Hot 7's,2,17777,5.9999638802174406e-6
Deluxe Super Hot 7's,2,0,0.7580626007076738
Booming Bucks,2,2,0.1524390243902439
Booming Bucks,2,4,0.0196078431372549
Booming Bucks,2,4,0.009900990099009901
Booming Bucks,2,10,0.009900990099009901
Booming Bucks,2,10,0.009900990099009901
Booming Bucks,2,20,0.004777146132900205
Booming Bucks,2,50,6.662225183211193e-4
Booming Bucks,2,50,0.0028253376278465276
Booming Bucks,2,50,6.662225183211193e-4
Booming Bucks,2,70,9.657356974543207e-4
Booming Bucks,2,100,3.333222225925803e-5
Booming Bucks,2,100,3.333222225925803e-5
Booming Bucks,2,1000,1.3333155557925894e-5
Booming Bucks,2,1000,6.6666222225185165e-6
Booming Bucks,2,12000,1.3333155557925894e-5
Booming Bucks,2,0,0.7882495003027713
Max Money,2,2,0.1524390243902439
Max Money,2,4,0.0196078431372549
Max Money,2,4,0.009900990099009901
Max Money,2,10,0.009900990099009901
Max Money,2,10,0.009900990099009901
Max Money,2,25,0.0032749304077288356
Max Money,2,25,5.711022272986865e-4
Max Money,2,25,5.711022272986865e-4
Max Money,2,50,5.711022272986865e-4
Max Money,2,50,0.002138259884106314
Max Money,2,50,5.711022272986865e-4
Max Money,2,100,8.564063476838489e-4
Max Money,2,100,2.8570612268220908e-5
Max Money,2,100,2.8570612268220908e-5
Max Money,2,1000,1.4285510206997042e-5
Max Money,2,1000,7.142806122813409e-6
Max Money,2,12000,1.4285510206997042e-5
Max Money,2,0,0.7896033015756845
Bingo Night,2,2,0.09090909090909091
Bingo Night,2,4,0.09090909090909091
Bingo Night,2,10,0.005964096141229797
Bingo Night,2,10,0.00398406374501992
Bingo Night,2,20,0.001996007984031936
Bingo Night,2,20,0.001996007984031936
Bingo Night,2,20,0.001996007984031936
Bingo Night,2,50,0.0013315579227696406
Bingo Night,2,50,0.0013315579227696406
Bingo Night,2,50,0.0013315579227696406
Bingo Night,2,100,3.332222592469177e-4
Bingo Night,2,100,3.332222592469177e-4
Bingo Night,2,100,2.6659557451346307e-4
Bingo Night,2,1000,4.761882086275779e-6
Bingo Night,2,1000,4.761882086275779e-6
Bingo Night,2,12000,9.523718821725508e-6
Bingo Night,2,0,0.7972988729991621
"$12,000 Crossword Bonus",2,2,0.0846740050804403
"$12,000 Crossword Bonus",2,4,0.038461538461538464
"$12,000 Crossword Bonus",2,4,0.0196078431372549
"$12,000 Crossword Bonus",2,5,0.038461538461538464
"$12,000 Crossword Bonus",2,10,0.01719986240110079
"$12,000 Crossword Bonus",2,20,0.004975124378109453
"$12,000 Crossword Bonus",2,30,0.0022864459484177794
"$12,000 Crossword Bonus",2,50,7.494397937541688e-4
"$12,000 Crossword Bonus",2,100,7.494397937541688e-4
"$12,000 Crossword Bonus",2,1000,8.333263889467588e-6
"$12,000 Crossword Bonus",2,12000,1.24998437519531e-5
"$12,000 Crossword Bonus",2,0,0.7928139294364501
Crossword,2,2,0.10515247108307045
Crossword,2,4,0.10111223458038422
Crossword,2,10,0.01719986240110079
Crossword,2,20,0.004975124378109453
Crossword,2,50,0.00149774589243189
Crossword,2,100,9.99000999000999e-4
Crossword,2,1000,1.24998437519531e-5
Crossword,2,12000,8.333263889467588e-6
Crossword,2,0,0.7690427275582608
8 Bit Bingo,2,2,0.09090909090909091
8 Bit Bingo,2,4,0.09090909090909091
8 Bit Bingo,2,10,0.005964096141229797
8 Bit Bingo,2,10,0.00398406374501992
8 Bit Bingo,2,20,0.001996007984031936
8 Bit Bingo,2,20,0.001996007984031936
8 Bit Bingo,2,20,0.001996007984031936
8 Bit Bingo,2,50,0.0013315579227696406
8 Bit Bingo,2,50,0.0013315579227696406
8 Bit Bingo,2,50,0.0013315579227696406
8 Bit Bingo,2,100,3.332222592469177e-4
8 Bit Bingo,2,100,1.6663889351774705e-4
8 Bit Bingo,2,100,1.6663889351774705e-4
8 Bit Bingo,2,1000,5.555524691529492e-6
8 Bit Bingo,2,1000,5.555524691529492e-6
8 Bit Bingo,2,12000,1.1110987655692714e-5
8 Bit Bingo,2,0,0.7975622384918426
Rocket Crossword,2,2,0.0846740050804403
Rocket Crossword,2,4,0.038461538461538464
Rocket Crossword,2,4,0.0196078431372549
Rocket Crossword,2,5,0.038461538461538464
Rocket Crossword,2,10,0.01719986240110079
Rocket Crossword,2,20,0.004975124378109453
Rocket Crossword,2,30,0.0032394959344326023
Rocket Crossword,2,50,7.494397937541688e-4
Rocket Crossword,2,100,7.494397937541688e-4
Rocket Crossword,2,1000,9.99990000099999e-6
Rocket Crossword,2,12000,9.99990000099999e-6
Rocket Crossword,2,0,0.7918617127580747
Happy Holly Days,2,2,0.1524390243902439
Happy Holly Days,2,4,0.0196078431372549
Happy Holly Days,2,4,0.009900990099009901
Happy Holly Days,2,10,0.009900990099009901
Happy Holly Days,2,10,0.009900990099009901
Happy Holly Days,2,25,0.0032749304077288356
Happy Holly Days,2,25,5.711022272986865e-4
Happy Holly Days,2,25,5.711022272986865e-4
Happy Holly Days,2,50,5.711022272986865e-4
Happy Holly Days,2,50,0.002138259884106314
Happy Holly Days,2,50,5.711022272986865e-4
Happy Holly Days,2,100,8.564063476838489e-4
Happy Holly Days,2,100,2.8570612268220908e-5
Happy Holly Days,2,100,2.8570612268220908e-5
Happy Holly Days,2,1000,1.4285510206997042e-5
Happy Holly Days,2,1000,7.142806122813409e-6
Happy Holly Days,2,12000,1.4285510206997042e-5
Happy Holly Days,2,0,0.7896033015756845
2x The Fun Crossword,2,2,0.0846740050804403
2x The Fun Crossword,2,4,0.038461538461538464
2x The Fun Crossword,2,4,0.0196078431372549
2x The Fun Crossword,2,8,0.029129041654529567
2x The Fun Crossword,2,10,0.01719986240110079
2x The Fun Crossword,2,20,0.004975124378109453
2x The Fun Crossword,2,40,0.0018715026294611943
2x The Fun Crossword,2,50,6.246096189881324e-4
2x The Fun Crossword,2,100,6.246096189881324e-4
2x The Fun Crossword,2,1000,9.99990000099999e-6
2x The Fun Crossword,2,12000,9.99990000099999e-6
2x The Fun Crossword,2,0,0.8028118632195871
Unlock It!,2,2,0.1524390243902439
Unlock It!,2,4,0.0196078431372549
Unlock It!,2,4,0.009900990099009901
Unlock It!,2,10,0.009900990099009901
Unlock It!,2,10,0.009900990099009901
Unlock It!,2,20,0.0026595744680851063
Unlock It!,2,20,0.0026595744680851063
Unlock It!,2,50,0.001996007984031936
Unlock It!,2,50,0.0018299935950224172
Unlock It!,2,100,3.332222592469177e-4
Unlock It!,2,100,3.332222592469177e-4
Unlock It!,2,100,3.332222592469177e-4
Unlock It!,2,1000,1.1110987655692714e-5
Unlock It!,2,1000,1.1110987655692714e-5
Unlock It!,2,12000,1.1110987655692714e-5
Unlock It!,2,0,0.7880720119195391
Crossword Wizard,2,2,0.0970873786407767
Crossword Wizard,2,4,0.0929368029739777
Crossword Wizard,2,10,0.01719986240110079
Crossword Wizard,2,20,0.004975124378109453
Crossword Wizard,2,50,0.00149774589243189
Crossword Wizard,2,100,9.99000999000999e-4
Crossword Wizard,2,1000,1.4999774253397486e-5
Crossword Wizard,2,12000,9.99990000099999e-6
Crossword Wizard,2,0,0.785279085040348
"The $14,000 Montana Crossword",2,2,0.1303780964797914
"The $14,000 Montana Crossword",2,4,0.08257638315441784
"The $14,000 Montana Crossword",2,10,0.0196078431372549
"The $14,000 Montana Crossword",2,20,0.009900990099009901
"The $14,000 Montana Crossword",2,50,0.0017469384902957569
"The $14,000 Montana Crossword",2,100,1.4997742839702624e-4
"The $14,000 Montana Crossword",2,1000,6.521696739405977e-6
"The $14,000 Montana Crossword",2,14000,6.521696739405977e-6
"The $14,000 Montana Crossword",2,0,0.7556267278173543
Word Games Multiplier,3,3,0.16666666666666666
Word Games Multiplier,3,5,0.009900990099009901
Word Games Multiplier,3,10,0.0033222591362126247
Word Games Multiplier,3,10,0.0033222591362126247
Word Games Multiplier,3,10,0.0033222591362126247
Word Games Multiplier,3,20,0.0033222591362126247
Word Games Multiplier,3,20,0.0033222591362126247
Word Games Multiplier,3,30,0.0018299935950224172
Word Games Multiplier,3,30,0.0026595744680851063
Word Games Multiplier,3,30,0.0018299935950224172
Word Games Multiplier,3,100,0.0020624084806236723
Word Games Multiplier,3,100,0.0016638935108153079
Word Games Multiplier,3,100,0.0016638935108153079
Word Games Multiplier,3,500,1.1110987655692714e-5
Word Games Multiplier,3,500,1.1110987655692714e-5
Word Games Multiplier,3,500,1.1110987655692714e-5
Word Games Multiplier,3,1000,5.555524691529492e-6
Word Games Multiplier,3,1000,5.555524691529492e-6
Word Games Multiplier,3,30000,1.1110987655692714e-5
Word Games Multiplier,3,0,0.7950557353928702
"Lights, Camera, Crossword!",3,3,0.1303780964797914
"Lights, Camera, Crossword!",3,3,0.047619047619047616
"Lights, Camera, Crossword!",3,6,0.006622516556291391
"Lights, Camera, Crossword!",3,6,0.006622516556291391
"Lights, Camera, Crossword!",3,6,0.006622516556291391
"Lights, Camera, Crossword!",3,12,0.0033222591362126247
"Lights, Camera, Crossword!",3,12,0.0033222591362126247
"Lights, Camera, Crossword!",3,12,0.0033222591362126247
"Lights, Camera, Crossword!",3,24,0.006622516556291391
"Lights, Camera, Crossword!",3,30,4.997501249375312e-4
"Lights, Camera, Crossword!",3,30,4.997501249375312e-4
"Lights, Camera, Crossword!",3,33,0.005964096141229797
"Lights, Camera, Crossword!",3,36,0.0024937655860349127
"Lights, Camera, Crossword!",3,50,3.332222592469177e-4
"Lights, Camera, Crossword!",3,90,0.0024937655860349127
"Lights, Camera, Crossword!",3,250,2.666595557451801e-5
"Lights, Camera, Crossword!",3,1000,1.3333155557925894e-5
"Lights, Camera, Crossword!",3,30000,1.3333155557925894e-5
"Lights, Camera, Crossword!",3,0,0.7732083301782455
Cash Line Bingo,3,3,0.11764705882352941
Cash Line Bingo,3,5,0.047619047619047616
Cash Line Bingo,3,5,0.01639344262295082
Cash Line Bingo,3,9,0.006622516556291391
Cash Line Bingo,3,12,0.0033222591362126247
Cash Line Bingo,3,15,0.009900990099009901
Cash Line Bingo,3,15,0.0033222591362126247
Cash Line Bingo,3,20,0.006622516556291391
Cash Line Bingo,3,20,0.0033222591362126247
Cash Line Bingo,3,30,1.6663889351774705e-4
Cash Line Bingo,3,30,3.332222592469177e-4
Cash Line Bingo,3,50,6.662225183211193e-4
Cash Line Bingo,3,50,6.662225183211193e-4
Cash Line Bingo,3,50,3.332222592469177e-4
Cash Line Bingo,3,75,3.332222592469177e-4
Cash Line Bingo,3,100,4.997501249375312e-4
Cash Line Bingo,3,100,3.332222592469177e-4
Cash Line Bingo,3,150,4.997501249375312e-4
Cash Line Bingo,3,150,1.6663889351774705e-4
Cash Line Bingo,3,200,9.999000099990002e-5
Cash Line Bingo,3,500,9.999000099990002e-5
Cash Line Bingo,3,1000,3.333222225925803e-5
Cash Line Bingo,3,30000,1.1110987655692714e-5
Cash Line Bingo,3,0,0.7809851149917864
Sweet Win Slingo,3,3,0.07692307692307693
Sweet Win Slingo,3,3,0.0625
Sweet Win Slingo,3,4,0.03225806451612903
Sweet Win Slingo,3,6,0.047619047619047616
Sweet Win Slingo,3,9,0.0033222591362126247
Sweet Win Slingo,3,9,0.009900990099009901
Sweet Win Slingo,3,12,0.0033222591362126247
Sweet Win Slingo,3,12,0.0033222591362126247
Sweet Win Slingo,3,25,0.0033222591362126247
Sweet Win Slingo,3,40,6.662225183211193e-4
Sweet Win Slingo,3,40,0.0036532349395389614
Sweet Win Slingo,3,50,3.332222592469177e-4
Sweet Win Slingo,3,50,0.0033222591362126247
Sweet Win Slingo,3,100,8.332638946754438e-5
Sweet Win Slingo,3,100,1.6663889351774705e-4
Sweet Win Slingo,3,500,5.555246930726071e-5
Sweet Win Slingo,3,1000,1.1110987655692714e-5
Sweet Win Slingo,3,30000,1.1110987655692714e-5
Sweet Win Slingo,3,0,0.7492071057169625
Fast Lane Crossword,3,3,0.1303780964797914
Fast Lane Crossword,3,3,0.047619047619047616
Fast Lane Crossword,3,6,0.006622516556291391
Fast Lane Crossword,3,6,0.006622516556291391
Fast Lane Crossword,3,6,0.006622516556291391
Fast Lane Crossword,3,12,0.0033222591362126247
Fast Lane Crossword,3,12,0.0033222591362126247
Fast Lane Crossword,3,12,0.0033222591362126247
Fast Lane Crossword,3,24,0.006622516556291391
Fast Lane Crossword,3,30,4.997501249375312e-4
Fast Lane Crossword,3,30,4.997501249375312e-4
Fast Lane Crossword,3,33,0.005964096141229797
Fast Lane Crossword,3,36,0.0024937655860349127
Fast Lane Crossword,3,50,3.332222592469177e-4
Fast Lane Crossword,3,90,0.0024937655860349127
Fast Lane Crossword,3,250,2.666595557451801e-5
Fast Lane Crossword,3,1000,1.3333155557925894e-5
Fast Lane Crossword,3,30000,1.3333155557925894e-5
Fast Lane Crossword,3,0,0.7732083301782455
The Game Of Life,3,3,0.1150747986191024
The Game Of Life,3,3,0.06540222367560497
The Game Of Life,3,5,0.0033222591362126247
The Game Of Life,3,5,0.006622516556291391
The Game Of Life,3,10,0.006622516556291391
The Game Of Life,3,10,0.0033222591362126247
The Game Of Life,3,20,0.006622516556291391
The Game Of Life,3,20,0.0033222591362126247
The Game Of Life,3,30,0.001996007984031936
The Game Of Life,3,30,0.001996007984031936
The Game Of Life,3,30,0.0016638935108153079
The Game Of Life,3,50,0.001996007984031936
The Game Of Life,3,50,0.001996007984031936
The Game Of Life,3,50,9.99000999000999e-4
The Game Of Life,3,100,4.997501249375312e-4
The Game Of Life,3,100,3.332222592469177e-4
The Game Of Life,3,100,2.6659557451346307e-4
The Game Of Life,3,250,1.3886960144424384e-4
The Game Of Life,3,250,1.666638889351844e-5
The Game Of Life,3,250,1.1110987655692714e-5
The Game Of Life,3,500,1.166530377034283e-4
The Game Of Life,3,500,1.1110987655692714e-5
The Game Of Life,3,500,1.1110987655692714e-5
The Game Of Life,3,1000,2.777700619427238e-5
The Game Of Life,3,1000,1.1110987655692714e-5
The Game Of Life,3,30000,1.1110987655692714e-5
The Game Of Life,3,0,0.7775866352506247
Money Comb,3,3,0.10183299389002036
Money Comb,3,3,0.07974481658692185
Money Comb,3,5,0.0033222591362126247
Money Comb,3,5,0.0033222591362126247
Money Comb,3,5,0.0033222591362126247
Money Comb,3,10,0.0033222591362126247
Money Comb,3,10,0.0033222591362126247
Money Comb,3,10,0.0033222591362126247
Money Comb,3,20,0.0033222591362126247
Money Comb,3,20,0.0033222591362126247
Money Comb,3,30,0.0018299935950224172
Money Comb,3,30,0.0018299935950224172
Money Comb,3,30,0.0020624084806236723
Money Comb,3,100,9.99000999000999e-4
Money Comb,3,100,0.0028253376278465276
Money Comb,3,500,2.499937501562461e-5
Money Comb,3,500,2.499937501562461e-5
Money Comb,3,1000,1.666638889351844e-5
Money Comb,3,30000,1.666638889351844e-5
Money Comb,3,0,0.7822140506080224
Bonus Card Bingo,3,3,0.1044932079414838
Bonus Card Bingo,3,5,0.07692307692307693
Bonus Card Bingo,3,9,0.0033222591362126247
Bonus Card Bingo,3,12,0.0033222591362126247
Bonus Card Bingo,3,14,0.0033222591362126247
Bonus Card Bingo,3,15,0.0033222591362126247
Bonus Card Bingo,3,20,0.006622516556291391
Bonus Card Bingo,3,20,0.0033222591362126247
Bonus Card Bingo,3,30,3.332222592469177e-4
Bonus Card Bingo,3,50,0.0018299935950224172
Bonus Card Bingo,3,50,3.332222592469177e-4
Bonus Card Bingo,3,75,3.332222592469177e-4
Bonus Card Bingo,3,100,3.332222592469177e-4
Bonus Card Bingo,3,150,1.6663889351774705e-4
Bonus Card Bingo,3,150,1.6663889351774705e-4
Bonus Card Bingo,3,200,9.999000099990002e-5
Bonus Card Bingo,3,500,9.999000099990002e-5
Bonus Card Bingo,3,1000,1.666638889351844e-5
Bonus Card Bingo,3,1000,3.333222225925803e-5
Bonus Card Bingo,3,30000,1.666638889351844e-5
Bonus Card Bingo,3,0,0.7915870974769931
Wild Cherry Crossword,3,3,0.1303780964797914
Wild Cherry Crossword,3,3,0.047619047619047616
Wild Cherry Crossword,3,6,0.006622516556291391
Wild Cherry Crossword,3,6,0.006622516556291391
Wild Cherry Crossword,3,6,0.006622516556291391
Wild Cherry Crossword,3,12,0.0033222591362126247
Wild Cherry Crossword,3,12,0.0033222591362126247
Wild Cherry Crossword,3,12,0.0033222591362126247
Wild Cherry Crossword,3,24,0.006622516556291391
Wild Cherry Crossword,3,30,4.997501249375312e-4
Wild Cherry Crossword,3,30,4.997501249375312e-4
Wild Cherry Crossword,3,33,0.005964096141229797
Wild Cherry Crossword,3,36,0.0024937655860349127
Wild Cherry Crossword,3,50,3.332222592469177e-4
Wild Cherry Crossword,3,90,0.0024937655860349127
Wild Cherry Crossword,3,250,2.666595557451801e-5
Wild Cherry Crossword,3,1000,1.3333155557925894e-5
Wild Cherry Crossword,3,30000,1.3333155557925894e-5
Wild Cherry Crossword,3,0,0.7732083301782455
Ca$h'm If You Can!,3,3,0.1150747986191024
Ca$h'm If You Can!,3,3,0.06540222367560497
Ca$h'm If You Can!,3,5,0.0033222591362126247
Ca$h'm If You Can!,3,5,0.006622516556291391
Ca$h'm If You Can!,3,10,0.006622516556291391
Ca$h'm If You Can!,3,10,0.0033222591362126247
Ca$h'm If You Can!,3,20,0.006622516556291391
Ca$h'm If You Can!,3,20,0.0033222591362126247
Ca$h'm If You Can!,3,30,6.662225183211193e-4
Ca$h'm If You Can!,3,30,0.001996007984031936
Ca$h'm If You Can!,3,30,6.662225183211193e-4
Ca$h'm If You Can!,3,50,4.997501249375312e-4
Ca$h'm If You Can!,3,50,0.001996007984031936
Ca$h'm If You Can!,3,50,3.332222592469177e-4
Ca$h'm If You Can!,3,100,1.6663889351774705e-4
Ca$h'm If You Can!,3,100,1.6663889351774705e-4
Ca$h'm If You Can!,3,100,2.6659557451346307e-4
Ca$h'm If You Can!,3,250,2.0828993959591752e-4
Ca$h'm If You Can!,3,250,2.499937501562461e-5
Ca$h'm If You Can!,3,250,1.666638889351844e-5
Ca$h'm If You Can!,3,500,1.749692491544611e-4
Ca$h'm If You Can!,3,500,1.666638889351844e-5
Ca$h'm If You Can!,3,500,1.666638889351844e-5
Ca$h'm If You Can!,3,1000,4.1664930627890504e-5
Ca$h'm If You Can!,3,1000,1.666638889351844e-5
Ca$h'm If You Can!,3,30000,1.666638889351844e-5
Ca$h'm If You Can!,3,0,0.7823980884384796
Diamond Dazzler,5,5,0.16233766233766234
Diamond Dazzler,5,10,0.03614022406938923
Diamond Dazzler,5,10,0.012345679012345678
Diamond Dazzler,5,15,0.012345679012345678
Diamond Dazzler,5,15,0.006211180124223602
Diamond Dazzler,5,25,0.0029910567403463647
Diamond Dazzler,5,25,0.0032394959344326023
Diamond Dazzler,5,25,0.0024937655860349127
Diamond Dazzler,5,50,9.99000999000999e-4
Diamond Dazzler,5,50,0.0017469384902957569
Diamond Dazzler,5,50,0.0017469384902957569
Diamond Dazzler,5,50,7.494397937541688e-4
Diamond Dazzler,5,75,4.997501249375312e-4
Diamond Dazzler,5,75,0.0012484394506866417
Diamond Dazzler,5,75,2.4993751562109475e-4
Diamond Dazzler,5,75,2.4993751562109475e-4
Diamond Dazzler,5,150,1.4997742839702624e-4
Diamond Dazzler,5,150,9.999000099990002e-5
Diamond Dazzler,5,150,4.999750012499375e-5
Diamond Dazzler,5,150,4.999750012499375e-5
Diamond Dazzler,5,300,4.999750012499375e-5
Diamond Dazzler,5,300,4.999750012499375e-5
Diamond Dazzler,5,500,6.249960937744139e-6
Diamond Dazzler,5,500,6.249960937744139e-6
Diamond Dazzler,5,1000,6.249960937744139e-6
Diamond Dazzler,5,1000,6.249960937744139e-6
Diamond Dazzler,5,5000,6.249960937744139e-6
Diamond Dazzler,5,75000,1.24998437519531e-5
Diamond Dazzler,5,0,0.753911167724669
Arctic Cat,5,5,0.16233766233766234
Arctic Cat,5,10,0.047619047619047616
Arctic Cat,5,10,0.047619047619047616
Arctic Cat,5,15,0.012345679012345678
Arctic Cat,5,15,0.006211180124223602
Arctic Cat,5,25,0.0029910567403463647
Arctic Cat,5,25,0.002244971264367816
Arctic Cat,5,25,0.002244971264367816
Arctic Cat,5,50,9.99000999000999e-4
Arctic Cat,5,50,4.997501249375312e-4
Arctic Cat,5,50,2.4993751562109475e-4
Arctic Cat,5,75,3.9984006397441024e-4
Arctic Cat,5,75,1.4997742839702624e-4
Arctic Cat,5,75,1.999600079984003e-4
Arctic Cat,5,150,9.999000099990002e-5
Arctic Cat,5,150,9.999000099990002e-5
Arctic Cat,5,150,1.4997742839702624e-4
Arctic Cat,5,300,9.999000099990002e-5
Arctic Cat,5,300,9.999000099990002e-5
Arctic Cat,5,500,5.555524691529492e-6
Arctic Cat,5,500,5.555524691529492e-6
Arctic Cat,5,21620,5.555524691529492e-6
Arctic Cat,5,75000,5.555524691529492e-6
Arctic Cat,5,0,0.7133157583474989
Mega Super Hot 7's,5,5,0.16233766233766234
Mega Super Hot 7's,5,10,0.024390243902439025
Mega Super Hot 7's,5,10,0.024390243902439025
Mega Super Hot 7's,5,15,0.012345679012345678
Mega Super Hot 7's,5,15,0.006211180124223602
Mega Super Hot 7's,5,25,0.0034878448606605983
Mega Super Hot 7's,5,25,0.0034878448606605983
Mega Super Hot 7's,5,25,0.0034878448606605983
Mega Super Hot 7's,5,50,9.99000999000999e-4
Mega Super Hot 7's,5,50,8.99191626727572e-4
Mega Super Hot 7's,5,50,7.494397937541688e-4
Mega Super Hot 7's,5,75,2.4993751562109475e-4
Mega Super Hot 7's,5,75,2.4993751562109475e-4
Mega Super Hot 7's,5,77,0.004479885314935938
Mega Super Hot 7's,5,150,9.999000099990002e-5
Mega Super Hot 7's,5,150,9.999000099990002e-5
Mega Super Hot 7's,5,300,4.999750012499375e-5
Mega Super Hot 7's,5,300,4.999750012499375e-5
Mega Super Hot 7's,5,500,3.846139053311333e-6
Mega Super Hot 7's,5,500,3.846139053311333e-6
Mega Super Hot 7's,5,777,4.615170897470748e-5
Mega Super Hot 7's,5,77777,1.1538327960126308e-5
Mega Super Hot 7's,5,0,0.7518687060559565
Super Crossword,5,5,0.09090909090909091
Super Crossword,5,5,0.09090909090909091
Super Crossword,5,10,0.0196078431372549
Super Crossword,5,10,0.009900990099009901
Super Crossword,5,10,0.0196078431372549
Super Crossword,5,25,0.009900990099009901
Super Crossword,5,25,0.004975124378109453
Super Crossword,5,50,0.0012484394506866417
Super Crossword,5,50,0.0012484394506866417
Super Crossword,5,50,0.0012484394506866417
Super Crossword,5,50,0.004727461825745757
Super Crossword,5,100,2.4993751562109475e-4
Super Crossword,5,100,0.00149774589243189
Super Crossword,5,100,2.4993751562109475e-4
Super Crossword,5,500,4.999750012499375e-5
Super Crossword,5,500,4.999750012499375e-5
Super Crossword,5,2000,4.999750012499375e-5
Super Crossword,5,2000,4.999750012499375e-5
Super Crossword,5,75000,4.9999750001249995e-6
Super Crossword,5,75000,4.9999750001249995e-6
Super Crossword,5,0,0.7435086362791992
Slingo Trio Sizzler,5,5,0.058823529411764705
Slingo Trio Sizzler,5,5,0.047619047619047616
Slingo Trio Sizzler,5,5,0.03614022406938923
Slingo Trio Sizzler,5,5,0.024390243902439025
Slingo Trio Sizzler,5,10,0.012345679012345678
Slingo Trio Sizzler,5,10,0.012345679012345678
Slingo Trio Sizzler,5,10,0.012345679012345678
Slingo Trio Sizzler,5,10,0.012345679012345678
Slingo Trio Sizzler,5,15,0.012345679012345678
Slingo Trio Sizzler,5,15,0.012345679012345678
Slingo Trio Sizzler,5,15,0.012345679012345678
Slingo Trio Sizzler,5,15,0.006211180124223602
Slingo Trio Sizzler,5,15,0.006211180124223602
Slingo Trio Sizzler,5,30,0.004975124378109453
Slingo Trio Sizzler,5,30,0.00149774589243189
Slingo Trio Sizzler,5,30,0.0012484394506866417
Slingo Trio Sizzler,5,30,7.494397937541688e-4
Slingo Trio Sizzler,5,30,7.494397937541688e-4
Slingo Trio Sizzler,5,30,7.494397937541688e-4
Slingo Trio Sizzler,5,50,4.997501249375312e-4
Slingo Trio Sizzler,5,50,4.997501249375312e-4
Slingo Trio Sizzler,5,50,4.997501249375312e-4
Slingo Trio Sizzler,5,50,4.997501249375312e-4
Slingo Trio Sizzler,5,50,2.9991032681228315e-4
Slingo Trio Sizzler,5,75,1.4997742839702624e-4
Slingo Trio Sizzler,5,75,1.4997742839702624e-4
Slingo Trio Sizzler,5,100,2.9991032681228315e-4
Slingo Trio Sizzler,5,100,2.9991032681228315e-4
Slingo Trio Sizzler,5,500,9.99990000099999e-6
Slingo Trio Sizzler,5,500,9.99990000099999e-6
Slingo Trio Sizzler,5,500,9.99990000099999e-6
Slingo Trio Sizzler,5,500,9.99990000099999e-6
Slingo Trio Sizzler,5,1000,9.99990000099999e-6
Slingo Trio Sizzler,5,75000,9.99990000099999e-6
Slingo Trio Sizzler,5,0,0.7209565268230149
Holiday Magic,5,5,0.14903129657228018
Holiday Magic,5,10,0.038461538461538464
Holiday Magic,5,10,0.009900990099009901
Holiday Magic,5,15,0.014777597162701344
Holiday Magic,5,15,0.009900990099009901
Holiday Magic,5,25,0.0033222591362126247
Holiday Magic,5,25,0.0016638935108153079
Holiday Magic,5,25,0.0016638935108153079
Holiday Magic,5,50,0.004975124378109453
Holiday Magic,5,50,3.332222592469177e-4
Holiday Magic,5,50,3.332222592469177e-4
Holiday Magic,5,75,3.332222592469177e-4
Holiday Magic,5,75,0.0011653110215116415
Holiday Magic,5,75,0.0011653110215116415
Holiday Magic,5,75,1.6663889351774705e-4
Holiday Magic,5,150,6.666222251849876e-5
Holiday Magic,5,150,6.666222251849876e-5
Holiday Magic,5,150,3.333222225925803e-5
Holiday Magic,5,150,3.333222225925803e-5
Holiday Magic,5,300,3.333222225925803e-5
Holiday Magic,5,300,3.333222225925803e-5
Holiday Magic,5,500,6.6666222225185165e-6
Holiday Magic,5,500,6.6666222225185165e-6
Holiday Magic,5,1000,6.6666222225185165e-6
Holiday Magic,5,1000,6.6666222225185165e-6
Holiday Magic,5,5000,6.6666222225185165e-6
Holiday Magic,5,75000,1.3333155557925894e-5
Holiday Magic,5,0,0.7624921697544812
Ace of Spades,5,5,0.14903129657228018
Ace of Spades,5,10,0.038461538461538464
Ace of Spades,5,10,0.009900990099009901
Ace of Spades,5,15,0.014777597162701344
Ace of Spades,5,15,0.009900990099009901
Ace of Spades,5,25,0.0024937655860349127
Ace of Spades,5,25,0.0012484394506866417
Ace of Spades,5,25,0.0012484394506866417
Ace of Spades,5,50,0.00373594351253409
Ace of Spades,5,50,2.4993751562109475e-4
Ace of Spades,5,50,2.4993751562109475e-4
Ace of Spades,5,75,0.0012484394506866417
Ace of Spades,5,75,0.0012484394506866417
Ace of Spades,5,75,2.4993751562109475e-4
Ace of Spades,5,75,1.2498437695288088e-4
Ace of Spades,5,150,4.997501249375312e-4
Ace of Spades,5,150,4.997501249375312e-4
Ace of Spades,5,150,2.499937501562461e-5
Ace of Spades,5,150,2.499937501562461e-5
Ace of Spades,5,300,1.2498437695288088e-4
Ace of Spades,5,300,2.499937501562461e-5
Ace of Spades,5,500,6.249960937744139e-6
Ace of Spades,5,500,6.249960937744139e-6
Ace of Spades,5,1000,6.249960937744139e-6
Ace of Spades,5,1000,6.249960937744139e-6
Ace of Spades,5,5000,6.249960937744139e-6
Ace of Spades,5,75000,1.24998437519531e-5
Ace of Spades,5,0,0.764586091380013
4x4 Payout,5,5,0.16233766233766234
4x4 Payout,5,10,0.047619047619047616
4x4 Payout,5,10,0.03614022406938923
4x4 Payout,5,15,0.012345679012345678
4x4 Payout,5,15,0.006211180124223602
4x4 Payout,5,20,0.001996007984031936
4x4 Payout,5,20,4.997501249375312e-4
4x4 Payout,5,20,0.0017469384902957569
4x4 Payout,5,50,9.99000999000999e-4
4x4 Payout,5,50,4.997501249375312e-4
4x4 Payout,5,50,4.997501249375312e-4
4x4 Payout,5,75,6.995110417817946e-4
4x4 Payout,5,75,1.4997742839702624e-4
4x4 Payout,5,125,9.999000099990002e-5
4x4 Payout,5,125,9.999000099990002e-5
4x4 Payout,5,125,1.4997742839702624e-4
4x4 Payout,5,200,9.999000099990002e-5
4x4 Payout,5,200,9.999000099990002e-5
4x4 Payout,5,500,6.249960937744139e-6
4x4 Payout,5,500,6.249960937744139e-6
4x4 Payout,5,75000,6.249960937744139e-6
4x4 Payout,5,35350,6.249960937744139e-6
4x4 Payout,5,0,0.7276805832428639
High 5,5,5,0.14903129657228018
High 5,5,10,0.038461538461538464
High 5,5,10,0.009900990099009901
High 5,5,15,0.014777597162701344
High 5,5,15,0.009900990099009901
High 5,5,25,0.0033222591362126247
High 5,5,25,0.0016638935108153079
High 5,5,25,0.0016638935108153079
High 5,5,50,0.004975124378109453
High 5,5,50,3.332222592469177e-4
High 5,5,50,3.332222592469177e-4
High 5,5,75,3.332222592469177e-4
High 5,5,75,0.0011653110215116415
High 5,5,75,0.0011653110215116415
High 5,5,75,1.6663889351774705e-4
High 5,5,150,6.666222251849876e-5
High 5,5,150,6.666222251849876e-5
High 5,5,150,3.333222225925803e-5
High 5,5,150,3.333222225925803e-5
High 5,5,300,3.333222225925803e-5
High 5,5,300,3.333222225925803e-5
High 5,5,500,6.6666222225185165e-6
High 5,5,500,6.6666222225185165e-6
High 5,5,1000,6.6666222225185165e-6
High 5,5,1000,6.6666222225185165e-6
High 5,5,5000,6.6666222225185165e-6
High 5,5,75000,1.3333155557925894e-5
High 5,5,0,0.7624921697544812
King Bonus,10,10,0.1111111111111111
King Bonus,10,20,0.047619047619047616
King Bonus,10,20,0.024390243902439025
King Bonus,10,25,0.024390243902439025
King Bonus,10,25,0.024390243902439025
King Bonus,10,50,0.004479885314935938
King Bonus,10,50,0.011858176212498519
King Bonus,10,50,0.004479885314935938
King Bonus,10,100,9.99000999000999e-4
King Bonus,10,100,7.494397937541688e-4
King Bonus,10,100,9.99000999000999e-4
King Bonus,10,100,7.494397937541688e-4
King Bonus,10,200,2.4993751562109475e-4
King Bonus,10,200,1.562255897516013e-4
King Bonus,10,200,6.249609399412537e-5
King Bonus,10,1000,1.87496496159228e-5
King Bonus,10,1000,6.249960937744139e-6
King Bonus,10,175000,1.24998437519531e-5
King Bonus,10,0,0.743278122480971
"$1,000,000 Cash Blowout!",10,50,0.047619047619047616
"$1,000,000 Cash Blowout!",10,50,0.047619047619047616
"$1,000,000 Cash Blowout!",10,50,0.009900990099009901
"$1,000,000 Cash Blowout!",10,100,0.004975124378109453
"$1,000,000 Cash Blowout!",10,100,0.004975124378109453
"$1,000,000 Cash Blowout!",10,100,0.004975124378109453
"$1,000,000 Cash Blowout!",10,100,0.004975124378109453
"$1,000,000 Cash Blowout!",10,0,0.874960417150457
"$175,000 Bonus Star",10,10,0.1111111111111111
"$175,000 Bonus Star",10,20,0.047619047619047616
"$175,000 Bonus Star",10,20,0.024390243902439025
"$175,000 Bonus Star",10,25,0.024390243902439025
"$175,000 Bonus Star",10,25,0.024390243902439025
"$175,000 Bonus Star",10,50,0.0074443534579021805
"$175,000 Bonus Star",10,50,0.004479885314935938
"$175,000 Bonus Star",10,50,0.004479885314935938
"$175,000 Bonus Star",10,50,0.004479885314935938
"$175,000 Bonus Star",10,100,7.494397937541688e-4
"$175,000 Bonus Star",10,100,7.494397937541688e-4
"$175,000 Bonus Star",10,100,7.494397937541688e-4
"$175,000 Bonus Star",10,100,7.494397937541688e-4
"$175,000 Bonus Star",10,200,2.4993751562109475e-4
"$175,000 Bonus Star",10,200,2.4993751562109475e-4
"$175,000 Bonus Star",10,200,3.1249023468016625e-5
"$175,000 Bonus Star",10,1000,1.24998437519531e-5
"$175,000 Bonus Star",10,1000,1.24998437519531e-5
"$175,000 Bonus Star",10,175000,1.24998437519531e-5
"$175,000 Bonus Star",10,0,0.7436487173988315
24K GOLD,10,10,0.1111111111111111
24K GOLD,10,20,0.047619047619047616
24K GOLD,10,20,0.024390243902439025
24K GOLD,10,25,0.024390243902439025
24K GOLD,10,25,0.024390243902439025
24K GOLD,10,50,0.004479885314935938
24K GOLD,10,50,0.011858176212498519
24K GOLD,10,50,0.004479885314935938
24K GOLD,10,100,9.99000999000999e-4
24K GOLD,10,100,7.494397937541688e-4
24K GOLD,10,100,9.99000999000999e-4
24K GOLD,10,100,7.494397937541688e-4
24K GOLD,10,200,3.748589593165571e-4
24K GOLD,10,200,9.374118247002391e-5
24K GOLD,10,200,6.249609399412537e-5
24K GOLD,10,1000,1.87496496159228e-5
24K GOLD,10,1000,6.249960937744139e-6
24K GOLD,10,175000,1.24998437519531e-5
24K GOLD,10,0,0.7432156854445571
50X,10,10,0.1111111111111111
50X,10,20,0.08045052292839903
50X,10,20,0.012345679012345678
50X,10,25,0.024390243902439025
50X,10,25,0.024390243902439025
50X,10,50,0.004975124378109453
50X,10,50,0.0024937655860349127
50X,10,100,0.001597444089456869
50X,10,100,0.00149774589243189
50X,10,100,4.997501249375312e-4
50X,10,200,2.1870209057328377e-4
50X,10,200,4.999750012499375e-5
50X,10,200,1.0623876525057475e-4
50X,10,500,2.8117056931416874e-4
50X,10,500,3.1249023468016625e-5
50X,10,500,3.1249023468016625e-5
50X,10,1000,3.749858911558453e-5
50X,10,1000,1.24998437519531e-5
50X,10,175000,1.24998437519531e-5
50X,10,0,0.7354672638234769
Money,20,20,0.16666666666666666
Money,20,30,0.03614022406938923
Money,20,30,0.012345679012345678
Money,20,30,0.024390243902439025
Money,20,50,0.004232087688856913
Money,20,50,0.00373594351253409
Money,20,50,0.0013980343636846595
Money,20,100,7.993605115907274e-4
Money,20,100,7.993605115907274e-4
Money,20,100,7.993605115907274e-4
Money,20,100,5.996390173115784e-4
Money,20,250,0.002543493743005392
Money,20,250,0.002543493743005392
Money,20,250,0.0024937655860349127
Money,20,250,5.996390173115784e-4
Money,20,500,1.4997742839702624e-4
Money,20,500,1.999600079984003e-4
Money,20,500,1.4997742839702624e-4
Money,20,500,9.999000099990002e-5
Money,20,1000,3.749858911558453e-5
Money,20,1000,3.749858911558453e-5
Money,20,1000,3.1249023468016625e-5
Money,20,1000,1.24998437519531e-5
Money,20,10000,1.24998437519531e-5
Money,20,10000,6.249960937744139e-6
Money,20,25000,6.249960937744139e-6
Money,20,25000,6.249960937744139e-6
Money,20,500000,6.249960937744139e-6
Money,20,500000,6.249960937744139e-6
Money,20,0,0.7391506075829586
"$500,000 Extreme Cash",20,20,0.16666666666666666
"$500,000 Extreme Cash",20,30,0.03614022406938923
"$500,000 Extreme Cash",20,30,0.012345679012345678
"$500,000 Extreme Cash",20,30,0.024390243902439025
"$500,000 Extreme Cash",20,50,0.004232087688856913
"$500,000 Extreme Cash",20,50,0.00373594351253409
"$500,000 Extreme Cash",20,50,0.0013980343636846595
"$500,000 Extreme Cash",20,100,7.993605115907274e-4
"$500,000 Extreme Cash",20,100,7.993605115907274e-4
"$500,000 Extreme Cash",20,100,7.993605115907274e-4
"$500,000 Extreme Cash",20,100,5.996390173115784e-4
"$500,000 Extreme Cash",20,250,0.002543493743005392
"$500,000 Extreme Cash",20,250,0.002543493743005392
"$500,000 Extreme Cash",20,250,0.0024937655860349127
"$500,000 Extreme Cash",20,250,5.996390173115784e-4
"$500,000 Extreme Cash",20,500,1.4997742839702624e-4
"$500,000 Extreme Cash",20,500,1.999600079984003e-4
"$500,000 Extreme Cash",20,500,1.4997742839702624e-4
"$500,000 Extreme Cash",20,500,9.999000099990002e-5
"$500,000 Extreme Cash",20,1000,3.749858911558453e-5
"$500,000 Extreme Cash",20,1000,3.749858911558453e-5
"$500,000 Extreme Cash",20,1000,3.1249023468016625e-5
"$500,000 Extreme Cash",20,1000,1.24998437519531e-5
"$500,000 Extreme Cash",20,10000,1.24998437519531e-5
"$500,000 Extreme Cash",20,10000,6.249960937744139e-6
"$500,000 Extreme Cash",20,25000,1.24998437519531e-5
"$500,000 Extreme Cash",20,500000,1.24998437519531e-5
"$500,000 Extreme Cash",20,0,0.7391506077392056
